finest_ngc,catalog,name,con,type,ra_h,dec_deg,mag,source
1,NGC 7009,Saturn Nebula,Aqr,PN,21.0697,-11.3633,8.3,RASC Finest NGC Checklist v2.1a
2,NGC 7293,Helix,Aqr,PN,22.4940,-20.8372,6.3,RASC Finest NGC Checklist v2.1a
3,NGC 7331,Deer Lick Group,Peg,Gal,22.6179,34.4164,10.2,RASC Finest NGC Checklist v2.1a
4,NGC 7635,Bubble Nebula,Cas,EN,23.3453,61.2086,11,RASC Finest NGC Checklist v2.1a
5,NGC 7789,OCL 269,Cas,OC,23.9567,56.7083,7.5,RASC Finest NGC Checklist v2.1a
6,NGC 185,MCG 8-2-10,Cas,Gal,0.6494,48.3375,10.2,RASC Finest NGC Checklist v2.1a
7,NGC 281,PacMan Nebula,Cas,EN,0.8833,56.6167,7.4,RASC Finest NGC Checklist v2.1a
8,NGC 457,ET Cluster,Cas,OC,1.3264,58.2867,5.1,RASC Finest NGC Checklist v2.1a
9,NGC 663,Collinder 20,Cas,OC,1.7692,61.2350,6.4,RASC Finest NGC Checklist v2.1a
10,IC 289,PN G138.8+02.8,Cas,PN,3.1720,61.3169,12,RASC Finest NGC Checklist v2.1a
11,NGC 7662,Blue Snowball,And,PN,23.4317,42.5347,8.6,RASC Finest NGC Checklist v2.1a
12,NGC 891,Silver Needle,And,Gal,2.3760,42.3461,10.9,RASC Finest NGC Checklist v2.1a
13,NGC 253,Sculptor Galaxy,Scl,Gal,0.7925,-25.2889,7.9,RASC Finest NGC Checklist v2.1a
14,NGC 772,Arp 78,Ari,Gal,1.9889,19.0078,10.6,RASC Finest NGC Checklist v2.1a
15,NGC 246,Skull Nebula,Cet,PN,0.7843,-11.8720,10.4,RASC Finest NGC Checklist v2.1a
16,NGC 936,MCG 0-7-17,Cet,Gal,2.4604,-1.1556,11.2,RASC Finest NGC Checklist v2.1a
17,NGC 884,Double Cluster with 869,Per,OC,2.3717,57.1367,4.4,RASC Finest NGC Checklist v2.1a
18,NGC 1023,Arp 135,Per,Gal,2.6733,39.0633,9.6,RASC Finest NGC Checklist v2.1a
19,NGC 1491,Sh 2-206,Per,EN,4.0557,51.3214,,RASC Finest NGC Checklist v2.1a
20,NGC 1501,PN G144.5+06.5,Cam,PN,4.1164,60.9206,12,RASC Finest NGC Checklist v2.1a
21,NGC 1232,Arp 41,Eri,Gal,3.1626,-20.5808,10.6,RASC Finest NGC Checklist v2.1a
22,NGC 1535,Cleopatra's Eye,Eri,PN,4.2377,-12.7394,9.4,RASC Finest NGC Checklist v2.1a
23,NGC 1514,Crystal Ball Nebula,Tau,PN,4.1547,30.7758,10.8,RASC Finest NGC Checklist v2.1a
24,NGC 1931,,Aur,E/RN,5.5244,34.2486,14,RASC Finest NGC Checklist v2.1a
25,NGC 1788,vdB 33,Ori,RN,5.1150,-3.3333,,RASC Finest NGC Checklist v2.1a
26,NGC 1973,with NGC 1975 & 1977,Ori,E/RN,5.5850,-4.7333,7,RASC Finest NGC Checklist v2.1a
27,NGC 2022,PN G196.6-10.9,Ori,PN,5.7017,9.0864,11.7,RASC Finest NGC Checklist v2.1a
28,NGC 2024,Flame Nebula,Ori,EN,5.6950,-1.8500,,RASC Finest NGC Checklist v2.1a
29,NGC 2194,Collinder 87,Ori,OC,6.2292,12.8067,10,RASC Finest NGC Checklist v2.1a
30,NGC 2371,Gemini Nebula; 2372?,Gem,PN,7.4263,29.4906,11.2,RASC Finest NGC Checklist v2.1a
31,NGC 2392,Clown Face,Gem,PN,7.4863,20.9117,8.6,RASC Finest NGC Checklist v2.1a
32,NGC 2237,Rosette,Mon,EN,6.5339,4.9861,5.5,RASC Finest NGC Checklist v2.1a
33,NGC 2261,Hubble's Variable Nebula,Mon,E/RN,6.6528,8.7500,,RASC Finest NGC Checklist v2.1a
34,NGC 2359,Thor's Helmet,CMa,EN,7.3083,-13.2333,,RASC Finest NGC Checklist v2.1a
35,NGC 2440,,Pup,PN,7.6987,-18.2086,11.5,RASC Finest NGC Checklist v2.1a
36,NGC 2539,Collinder 176,Pup,OC,8.1769,-12.8183,8,RASC Finest NGC Checklist v2.1a
37,NGC 2403,MCG 11-10-7,Cam,Gal,7.6141,65.6025,8.8,RASC Finest NGC Checklist v2.1a
38,NGC 2655,Arp 225,Cam,Gal,8.9275,78.2236,11,RASC Finest NGC Checklist v2.1a
39,NGC 2683,UFO Galaxy,Lyn,Gal,8.8781,33.4211,10,RASC Finest NGC Checklist v2.1a
40,NGC 2841,MCG 9-16-5,UMa,Gal,9.3674,50.9764,10,RASC Finest NGC Checklist v2.1a
41,NGC 3079,MCG 9-17-10,UMa,Gal,10.0329,55.6806,11.4,RASC Finest NGC Checklist v2.1a
42,NGC 3184,MCG 7-21-37,UMa,Gal,10.3047,41.4244,10.4,RASC Finest NGC Checklist v2.1a
43,NGC 3877,MCG 8-22-2,UMa,Gal,11.7688,47.4947,11.8,RASC Finest NGC Checklist v2.1a
44,NGC 3941,MCG 6-26-51,UMa,Gal,11.8820,36.9864,11.3,RASC Finest NGC Checklist v2.1a
45,NGC 4026,MCG 9-20-52,UMa,Gal,11.9903,50.9617,11.7,RASC Finest NGC Checklist v2.1a
46,NGC 4088,Arp 18,UMa,Gal,12.0927,50.5394,11.3,RASC Finest NGC Checklist v2.1a
47,NGC 4157,MCG 9-20-106,UMa,Gal,12.1847,50.4853,12.1,RASC Finest NGC Checklist v2.1a
48,NGC 4605,MCG 10-18-74,UMa,Gal,12.6665,61.6092,10.8,RASC Finest NGC Checklist v2.1a
49,NGC 3115,Spindle Galaxy,Sex,Gal,10.0872,-7.7186,10,RASC Finest NGC Checklist v2.1a
50,NGC 3242,Ghost of Jupiter,Hya,PN,10.4128,-18.6422,8.6,RASC Finest NGC Checklist v2.1a
51,NGC 3003,MCG 6-22-13,LMi,Gal,9.8099,33.4219,12.2,RASC Finest NGC Checklist v2.1a
52,NGC 3344,MCG 4-25-46,LMi,Gal,10.7253,24.9222,10.5,RASC Finest NGC Checklist v2.1a
53,NGC 3432,Arp 206,LMi,Gal,10.8753,36.6192,11.6,RASC Finest NGC Checklist v2.1a
54,NGC 2903,,Leo,Gal,9.5360,21.5008,10,RASC Finest NGC Checklist v2.1a
55,NGC 3384,MCG 2-28-12,Leo,Gal,10.8047,12.6286,10.9,RASC Finest NGC Checklist v2.1a
56,NGC 3521,MCG 0-28-30,Leo,Gal,11.0969,-0.0350,9.9,RASC Finest NGC Checklist v2.1a
57,NGC 3607,MCG 3-29-20,Leo,Gal,11.2818,18.0531,10.9,RASC Finest NGC Checklist v2.1a
58,NGC 3628,Arp 317,Leo,Gal,11.3380,13.5911,10,RASC Finest NGC Checklist v2.1a
59,NGC 4111,MCG 7-25-26,CVn,Gal,12.1176,43.0653,11.7,RASC Finest NGC Checklist v2.1a
60,NGC 4214,MCG 6-27-42,CVn,Gal,12.2609,36.3281,10.2,RASC Finest NGC Checklist v2.1a
61,NGC 4244,Silver Needle,CVn,Gal,12.2915,37.8069,10.4,RASC Finest NGC Checklist v2.1a
62,NGC 4449,MCG 7-26-9,CVn,Gal,12.4697,44.0925,9.5,RASC Finest NGC Checklist v2.1a
63,NGC 4490,Cocoon Galaxy,CVn,Gal,12.5101,41.6436,9.8,RASC Finest NGC Checklist v2.1a
64,NGC 4631,Whale Galaxy,CVn,Gal,12.7021,32.5428,9.5,RASC Finest NGC Checklist v2.1a
65,NGC 4656,Hockey Stick or Crowbar,CVn,Gal,12.7327,32.1703,9.7,RASC Finest NGC Checklist v2.1a
66,NGC 5005,MCG 6-29-52,CVn,Gal,13.1823,37.0583,10.5,RASC Finest NGC Checklist v2.1a
67,NGC 5033,MCG 6-29-62,CVn,Gal,13.2243,36.5936,10.7,RASC Finest NGC Checklist v2.1a
68,NGC 4274,MCG 5-29-60,Com,Gal,12.3307,29.6142,11.3,RASC Finest NGC Checklist v2.1a
69,NGC 4414,MCG 5-29-85,Com,Gal,12.4409,31.2228,11,RASC Finest NGC Checklist v2.1a
70,NGC 4494,MCG 4-30-2,Com,Gal,12.5233,25.7750,10.7,RASC Finest NGC Checklist v2.1a
71,NGC 4559,MCG 5-30-30,Com,Gal,12.5994,27.9597,10.3,RASC Finest NGC Checklist v2.1a
72,NGC 4565,Needle Galaxy,Com,Gal,12.6058,25.9875,10.1,RASC Finest NGC Checklist v2.1a
73,NGC 4725,MCG 4-30-22,Com,Gal,12.8407,25.5008,9.9,RASC Finest NGC Checklist v2.1a
74,NGC 4038,The Antennae with 4039,Crv,Gal,12.0314,-18.8675,10.9,RASC Finest NGC Checklist v2.1a
75,NGC 4361,,Crv,PN,12.4086,-18.7850,10.9,RASC Finest NGC Checklist v2.1a
76,NGC 4216,MCG 2-31-72,Vir,Gal,12.2651,13.1500,11,RASC Finest NGC Checklist v2.1a
77,NGC 4388,MCG 2-32-41,Vir,Gal,12.4297,12.6622,11.9,RASC Finest NGC Checklist v2.1a
78,NGC 4438,The Eyes with 4435,Vir,Gal,12.4628,13.0089,10.9,RASC Finest NGC Checklist v2.1a
79,NGC 4517,often mislabeled NGC 4437,Vir,Gal,12.5460,0.1150,11.1,RASC Finest NGC Checklist v2.1a
80,NGC 4526,MCG 1-32-100,Vir,Gal,12.5675,7.6992,10.6,RASC Finest NGC Checklist v2.1a
81,NGC 4535,Lost Galaxy,Vir,Gal,12.5723,8.1978,10.5,RASC Finest NGC Checklist v2.1a
82a,NGC 4567,Siamese Twins,Vir,Gal,12.6091,11.2578,12.1,RASC Finest NGC Checklist v2.1a
82b,NGC 4568,Siamese Twins,Vir,Gal,12.6095,11.2386,11.7,RASC Finest NGC Checklist v2.1a
83,NGC 4699,MCG -1-33-13,Vir,Gal,12.8173,-8.6644,10.4,RASC Finest NGC Checklist v2.1a
84,NGC 4762,MCG 2-33-33,Vir,Gal,12.8822,11.2306,11.1,RASC Finest NGC Checklist v2.1a
85,NGC 5746,MCG 0-38-5,Vir,Gal,14.7489,1.9547,11.4,RASC Finest NGC Checklist v2.1a
86,NGC 5466,,Boo,GC,14.0908,28.5350,9.2,RASC Finest NGC Checklist v2.1a
87,NGC 5907,Splinter Galaxy,Dra,Gal,15.2649,56.3289,11.1,RASC Finest NGC Checklist v2.1a
88,NGC 6503,MCG 12-17-9,Dra,Gal,17.8240,70.1444,10.8,RASC Finest NGC Checklist v2.1a
89,NGC 6543,Cat's Eye Nebula,Dra,PN,17.9759,66.6331,8.3,RASC Finest NGC Checklist v2.1a
90,NGC 6210,Turtle Nebula,Her,PN,16.7415,23.8000,9.7,RASC Finest NGC Checklist v2.1a
91,NGC 6369,Little Ghost Nebula,Oph,PN,17.4889,-23.7594,11,RASC Finest NGC Checklist v2.1a
92,NGC 6572,Blue Racquetball,Oph,PN,18.2018,6.8533,8,RASC Finest NGC Checklist v2.1a
93,NGC 6633,Collinder 380,Oph,OC,18.4542,6.5083,5.6,RASC Finest NGC Checklist v2.1a
94,NGC 6712,,Sct,GC,18.8844,-8.7050,8.1,RASC Finest NGC Checklist v2.1a
95,NGC 6781,PN G041.8-02.9,Aql,PN,19.3078,6.5386,11.8,RASC Finest NGC Checklist v2.1a
96,NGC 6819,Collinder 403,Cyg,OC,19.6883,40.1867,9.5,RASC Finest NGC Checklist v2.1a
97,NGC 6826,Blinking Planetary,Cyg,PN,19.7467,50.5250,8.8,RASC Finest NGC Checklist v2.1a
98,NGC 6888,Crescent Nebula,Cyg,EN,20.2033,38.3167,10,RASC Finest NGC Checklist v2.1a
99a,NGC 6992,Veil Nebula (East),Cyg,SNR,20.9400,31.7167,7,RASC Finest NGC Checklist v2.1a
99b,NGC 6960,Veil Nebula (West),Cyg,SNR,20.7617,30.7167,7,RASC Finest NGC Checklist v2.1a
100,NGC 7000,North American Nebula,Cyg,EN,20.9750,44.3744,4,RASC Finest NGC Checklist v2.1a
101,NGC 7027,Magic Carpet,Cyg,PN,21.1171,42.2361,9.6,RASC Finest NGC Checklist v2.1a
102,NGC 6445,He 2-290,Sgr,PN,17.8209,-20.0094,13,RASC Finest NGC Checklist v2.1a
103,NGC 6520,Collinder 361,Sgr,OC,18.0567,-27.8883,7.6,RASC Finest NGC Checklist v2.1a
104,NGC 6818,Little Gem,Sgr,PN,19.7327,-14.1533,10,RASC Finest NGC Checklist v2.1a
105,NGC 6802,Collinder 400,Vul,OC,19.5097,20.2617,11.7,RASC Finest NGC Checklist v2.1a
106,NGC 6940,Collinder 424,Vul,OC,20.5739,28.2833,7.2,RASC Finest NGC Checklist v2.1a
107,NGC 6939,Collinder 423,Cep,OC,20.5250,60.6617,10.1,RASC Finest NGC Checklist v2.1a
108,NGC 6946,Fireworks Galaxy; Arp 29,Cyg,Gal,20.5813,60.1539,9.8,RASC Finest NGC Checklist v2.1a
109,NGC 7129,Small Cluster Nebula,Cep,RN,21.7167,66.1167,11.5,RASC Finest NGC Checklist v2.1a
110,NGC 40,Bowtie Nebula,Cep,PN,0.2169,72.5219,10.7,RASC Finest NGC Checklist v2.1a
