iso_week,monday_utc,sun,moon,mercury,venus,mars,jupiter,saturn,ceres,uranus,neptune
2027-W01,2027-01-04,♑ 13°23′,♐ 1°32′,♑ 14°44′,♏ 26°31′,♍ 10°10′,♌ 26°15′,♈ 8°27′,♋ 18°06′,♊ 2°13′,♈ 1°45′
2027-W02,2027-01-11,♑ 20°31′,♒ 24°42′,♑ 26°14′,♐ 3°49′,♍ 10°26′,♌ 25°41′,♈ 8°48′,♋ 16°26′,♊ 2°02′,♈ 1°51′
2027-W03,2027-01-18,♑ 27°39′,♉ 24°55′,♒ 8°00′,♐ 11°22′,♍ 10°04′,♌ 25°00′,♈ 9°13′,♋ 14°49′,♊ 1°53′,♈ 1°59′
2027-W04,2027-01-25,♒ 4°46′,♍ 9°16′,♒ 19°39′,♐ 19°07′,♍ 9°04′,♌ 24°13′,♈ 9°43′,♋ 13°20′,♊ 1°46′,♈ 2°08′
2027-W05,2027-02-01,♒ 11°53′,♐ 10°25′,♒ 29°56′,♐ 27°01′,♍ 7°25′,♌ 23°21′,♈ 10°16′,♋ 12°05′,♊ 1°42′,♈ 2°19′
2027-W06,2027-02-08,♒ 18°59′,♓ 3°47′,♓ 5°43′,♑ 5°04′,♍ 5°13′,♌ 22°26′,♈ 10°54′,♋ 11°07′,♊ 1°41′,♈ 2°31′
2027-W07,2027-02-15,♒ 26°04′,♊ 4°39′,♓ 3°35′,♑ 13°11′,♍ 2°37′,♌ 21°31′,♈ 11°35′,♋ 10°29′,♊ 1°42′,♈ 2°43′
2027-W08,2027-02-22,♓ 3°08′,♍ 17°03′,♒ 26°08′,♑ 21°24′,♌ 29°50′,♌ 20°36′,♈ 12°18′,♋ 10°13′,♊ 1°46′,♈ 2°57′
2027-W09,2027-03-01,♓ 10°10′,♐ 18°47′,♒ 21°17′,♑ 29°41′,♌ 27°09′,♌ 19°45′,♈ 13°04′,♋ 10°17′,♊ 1°52′,♈ 3°12′
2027-W10,2027-03-08,♓ 17°11′,♓ 12°38′,♒ 21°56′,♒ 8°00′,♌ 24°46′,♌ 18°58′,♈ 13°53′,♋ 10°42′,♊ 2°01′,♈ 3°27′
2027-W11,2027-03-15,♓ 24°11′,♊ 15°17′,♒ 26°41′,♒ 16°22′,♌ 22°54′,♌ 18°18′,♈ 14°43′,♋ 11°26′,♊ 2°12′,♈ 3°42′
2027-W12,2027-03-22,♈ 1°08′,♍ 25°16′,♓ 4°01′,♒ 24°46′,♌ 21°38′,♌ 17°46′,♈ 15°34′,♋ 12°28′,♊ 2°25′,♈ 3°58′
2027-W13,2027-03-29,♈ 8°05′,♐ 26°44′,♓ 13°05′,♓ 3°12′,♌ 21°00′,♌ 17°21′,♈ 16°27′,♋ 13°46′,♊ 2°41′,♈ 4°14′
2027-W14,2027-04-05,♈ 14°59′,♓ 21°02′,♓ 23°32′,♓ 11°39′,♌ 21°00′,♌ 17°06′,♈ 17°19′,♋ 15°18′,♊ 2°58′,♈ 4°30′
2027-W15,2027-04-12,♈ 21°52′,♊ 26°09′,♈ 5°12′,♓ 20°07′,♌ 21°34′,♌ 17°00′,♈ 18°12′,♋ 17°03′,♊ 3°17′,♈ 4°46′
2027-W16,2027-04-19,♈ 28°44′,♎ 4°23′,♈ 18°06′,♓ 28°35′,♌ 22°39′,♌ 17°03′,♈ 19°05′,♋ 18°59′,♊ 3°38′,♈ 5°01′
2027-W17,2027-04-26,♉ 5°33′,♑ 4°35′,♉ 2°14′,♈ 7°04′,♌ 24°11′,♌ 17°15′,♈ 19°57′,♋ 21°06′,♊ 3°59′,♈ 5°15′
2027-W18,2027-05-03,♉ 12°21′,♓ 29°05′,♉ 17°13′,♈ 15°34′,♌ 26°06′,♌ 17°36′,♈ 20°49′,♋ 23°21′,♊ 4°22′,♈ 5°29′
2027-W19,2027-05-10,♉ 19°08′,♋ 6°38′,♊ 1°51′,♈ 24°04′,♌ 28°21′,♌ 18°05′,♈ 21°39′,♋ 25°44′,♊ 4°46′,♈ 5°42′
2027-W20,2027-05-17,♉ 25°54′,♎ 14°15′,♊ 14°39′,♉ 2°35′,♍ 0°54′,♌ 18°42′,♈ 22°27′,♋ 28°14′,♊ 5°10′,♈ 5°54′
2027-W21,2027-05-24,♊ 2°38′,♑ 12°40′,♊ 24°49′,♉ 11°06′,♍ 3°42′,♌ 19°26′,♈ 23°13′,♌ 0°50′,♊ 5°34′,♈ 6°04′
2027-W22,2027-05-31,♊ 9°21′,♈ 7°05′,♋ 2°00′,♉ 19°37′,♍ 6°43′,♌ 20°17′,♈ 23°57′,♌ 3°32′,♊ 5°59′,♈ 6°14′
2027-W23,2027-06-07,♊ 16°04′,♋ 16°19′,♋ 5°49′,♉ 28°09′,♍ 9°55′,♌ 21°14′,♈ 24°38′,♌ 6°18′,♊ 6°23′,♈ 6°22′
2027-W24,2027-06-14,♊ 22°45′,♎ 24°25′,♋ 5°59′,♊ 6°41′,♍ 13°18′,♌ 22°16′,♈ 25°16′,♌ 9°08′,♊ 6°47′,♈ 6°29′
2027-W25,2027-06-21,♊ 29°26′,♑ 21°07′,♋ 3°00′,♊ 15°13′,♍ 16°49′,♌ 23°24′,♈ 25°50′,♌ 12°02′,♊ 7°11′,♈ 6°34′
2027-W26,2027-06-28,♋ 6°07′,♈ 15°26′,♊ 29°10′,♊ 23°47′,♍ 20°29′,♌ 24°36′,♈ 26°21′,♌ 15°00′,♊ 7°34′,♈ 6°37′
2027-W27,2027-07-05,♋ 12°47′,♋ 25°10′,♊ 27°28′,♋ 2°21′,♍ 24°16′,♌ 25°51′,♈ 26°48′,♌ 18°00′,♊ 7°56′,♈ 6°39′
2027-W28,2027-07-12,♋ 19°28′,♏ 4°23′,♊ 29°38′,♋ 10°56′,♍ 28°10′,♌ 27°11′,♈ 27°10′,♌ 21°03′,♊ 8°16′,♈ 6°40′
2027-W29,2027-07-19,♋ 26°08′,♑ 29°52′,♋ 5°56′,♋ 19°31′,♎ 2°10′,♌ 28°33′,♈ 27°28′,♌ 24°08′,♊ 8°35′,♈ 6°38′
2027-W30,2027-07-26,♌ 2°49′,♈ 24°23′,♋ 16°01′,♋ 28°08′,♎ 6°15′,♌ 29°58′,♈ 27°41′,♌ 27°15′,♊ 8°53′,♈ 6°35′
2027-W31,2027-08-02,♌ 9°31′,♌ 3°32′,♋ 29°05′,♌ 6°45′,♎ 10°26′,♍ 1°24′,♈ 27°50′,♍ 0°23′,♊ 9°09′,♈ 6°31′
2027-W32,2027-08-09,♌ 16°13′,♏ 13°47′,♌ 13°31′,♌ 15°23′,♎ 14°43′,♍ 2°53′,♈ 27°53′,♍ 3°33′,♊ 9°22′,♈ 6°25′
2027-W33,2027-08-16,♌ 22°56′,♒ 8°41′,♌ 27°40′,♌ 24°02′,♎ 19°04′,♍ 4°23′,♈ 27°51′,♍ 6°44′,♊ 9°34′,♈ 6°18′
2027-W34,2027-08-23,♌ 29°40′,♉ 3°59′,♍ 10°49′,♍ 2°42′,♎ 23°30′,♍ 5°53′,♈ 27°44′,♍ 9°56′,♊ 9°43′,♈ 6°10′
2027-W35,2027-08-30,♍ 6°25′,♌ 12°00′,♍ 22°51′,♍ 11°22′,♎ 28°00′,♍ 7°24′,♈ 27°32′,♍ 13°09′,♊ 9°50′,♈ 6°01′
2027-W36,2027-09-06,♍ 13°12′,♏ 22°28′,♎ 3°50′,♍ 20°03′,♏ 2°34′,♍ 8°56′,♈ 27°15′,♍ 16°22′,♊ 9°55′,♈ 5°51′
2027-W37,2027-09-13,♍ 20°00′,♒ 17°18′,♎ 13°46′,♍ 28°44′,♏ 7°13′,♍ 10°27′,♈ 26°54′,♍ 19°35′,♊ 9°57′,♈ 5°40′
2027-W38,2027-09-20,♍ 26°49′,♉ 13°59′,♎ 22°31′,♎ 7°26′,♏ 11°56′,♍ 11°57′,♈ 26°29′,♍ 22°49′,♊ 9°57′,♈ 5°29′
2027-W39,2027-09-27,♎ 3°40′,♌ 21°10′,♎ 29°40′,♎ 16°07′,♏ 16°43′,♍ 13°26′,♈ 26°01′,♍ 26°02′,♊ 9°54′,♈ 5°17′
2027-W40,2027-10-04,♎ 10°33′,♐ 0°35′,♏ 4°13′,♎ 24°49′,♏ 21°34′,♍ 14°53′,♈ 25°31′,♍ 29°15′,♊ 9°49′,♈ 5°05′
2027-W41,2027-10-11,♎ 17°27′,♒ 25°31′,♏ 4°12′,♏ 3°31′,♏ 26°29′,♍ 16°18′,♈ 24°58′,♎ 2°27′,♊ 9°41′,♈ 4°54′
2027-W42,2027-10-18,♎ 24°23′,♉ 23°57′,♎ 28°03′,♏ 12°13′,♐ 1°27′,♍ 17°41′,♈ 24°25′,♎ 5°37′,♊ 9°31′,♈ 4°43′
2027-W43,2027-10-25,♏ 1°21′,♍ 1°15′,♎ 20°32′,♏ 20°55′,♐ 6°29′,♍ 19°01′,♈ 23°52′,♎ 8°47′,♊ 9°19′,♈ 4°32′
2027-W44,2027-11-01,♏ 8°20′,♐ 8°30′,♎ 20°21′,♏ 29°36′,♐ 11°34′,♍ 20°17′,♈ 23°19′,♎ 11°55′,♊ 9°06′,♈ 4°23′
2027-W45,2027-11-08,♏ 15°21′,♓ 3°24′,♎ 27°17′,♐ 8°18′,♐ 16°43′,♍ 21°29′,♈ 22°48′,♎ 15°01′,♊ 8°50′,♈ 4°14′
2027-W46,2027-11-15,♏ 22°23′,♊ 3°19′,♏ 7°20′,♐ 16°59′,♐ 21°54′,♍ 22°36′,♈ 22°20′,♎ 18°05′,♊ 8°34′,♈ 4°07′
2027-W47,2027-11-22,♏ 29°26′,♍ 12°02′,♏ 18°16′,♐ 25°40′,♐ 27°09′,♍ 23°38′,♈ 21°56′,♎ 21°06′,♊ 8°17′,♈ 4°00′
2027-W48,2027-11-29,♐ 6°31′,♐ 16°42′,♏ 29°19′,♑ 4°20′,♑ 2°27′,♍ 24°34′,♈ 21°35′,♎ 24°03′,♊ 7°59′,♈ 3°56′
2027-W49,2027-12-06,♐ 13°37′,♓ 11°11′,♐ 10°20′,♑ 13°00′,♑ 7°47′,♍ 25°23′,♈ 21°19′,♎ 26°57′,♊ 7°42′,♈ 3°53′
2027-W50,2027-12-13,♐ 20°44′,♊ 11°47′,♐ 21°20′,♑ 21°39′,♑ 13°09′,♍ 26°05′,♈ 21°08′,♎ 29°47′,♊ 7°24′,♈ 3°51′
2027-W51,2027-12-20,♐ 27°51′,♍ 22°54′,♑ 2°23′,♒ 0°16′,♑ 18°34′,♍ 26°39′,♈ 21°02′,♏ 2°32′,♊ 7°08′,♈ 3°52′
2027-W52,2027-12-27,♑ 4°59′,♐ 25°25′,♑ 13°34′,♒ 8°53′,♑ 24°00′,♍ 27°05′,♈ 21°02′,♏ 5°11′,♊ 6°52′,♈ 3°53′
