proper,bayer,con,ra_h,dec_deg,catalog_v,representative_vmax,brightness_basis,in_alpha_beta_layer,hyg_id,hip,hd,hr,best_instant_utc,best_date,iso,mag_class,new_non_alpha_beta
Bellatrix,Gam,Ori,5.418851,6.349702,1.64,1.64,HYG v4.1 catalog V (stable baseline),no,25273,25336,35468,1790,2026-01-23T23:10,2026-01-24,2026-W04,2,yes
Mintaka,Del,Ori,5.533445,-0.299092,2.25,2.25,HYG v4.1 catalog V (stable baseline),no,25865,25930,36486,1852,2026-01-25T14:40,2026-01-26,2026-W05,2,yes
Alnilam,Eps,Ori,5.603559,-1.20192,1.69,1.69,HYG v4.1 catalog V (stable baseline),no,26246,26311,37128,1903,2026-01-26T14:56,2026-01-27,2026-W05,2,yes
Alnitak,Zet,Ori,5.679313,-1.942572,1.74,1.74,HYG v4.1 catalog V (stable baseline),no,26662,26727,37742,1948,2026-01-27T17:15,2026-01-28,2026-W05,2,yes
Saiph,Kap,Ori,5.795941,-9.669605,2.07,2.07,HYG v4.1 catalog V (stable baseline),no,27298,27366,38771,2004,2026-01-29T09:57,2026-01-29,2026-W05,2,yes
Alhena,Gam,Gem,6.628528,16.399252,1.93,1.93,HYG v4.1 catalog V (stable baseline),no,31601,31681,47105,2421,2026-02-10T19:23,2026-02-11,2026-W07,2,yes
Adhara,Eps,CMa,6.977097,-28.972084,1.5,1.5,HYG v4.1 catalog V (stable baseline),no,33492,33579,52089,2618,2026-02-16T03:31,2026-02-16,2026-W08,2,yes
Wezen,Del,CMa,7.139857,-26.3932,1.83,1.83,HYG v4.1 catalog V (stable baseline),no,34354,34444,54605,2693,2026-02-18T16:04,2026-02-19,2026-W08,2,yes
Aludra,Eta,CMa,7.401584,-29.303104,2.45,2.45,HYG v4.1 catalog V (stable baseline),no,35806,35904,58350,2827,2026-02-22T18:24,2026-02-23,2026-W09,2,yes
Naos,Zet,Pup,8.059737,-40.003148,2.21,2.21,HYG v4.1 catalog V (stable baseline),no,39318,39429,66811,3165,2026-03-05T06:25,2026-03-05,2026-W10,2,yes
,Gam-2,Vel,8.158876,-47.336588,1.75,1.75,HYG v4.1 catalog V (stable baseline),no,39840,39953,68273,3207,2026-03-06T20:54,2026-03-07,2026-W10,2,yes
Avior,Eps,Car,8.375236,-59.509483,1.86,1.86,HYG v4.1 catalog V (stable baseline),no,40921,41037,71129,3307,2026-03-10T09:13,2026-03-10,2026-W11,2,yes
Alsephina,Del,Vel,8.745059,-54.708821,1.93,1.93,HYG v4.1 catalog V (stable baseline),no,42794,42913,74956,3485,2026-03-16T10:16,2026-03-16,2026-W12,2,yes
Suhail,Lam,Vel,9.133268,-43.432589,2.23,2.23,HYG v4.1 catalog V (stable baseline),no,44689,44816,78647,3634,2026-03-22T19:24,2026-03-23,2026-W13,2,yes
Aspidiske,Iot,Car,9.284838,-59.275229,2.21,2.21,HYG v4.1 catalog V (stable baseline),no,45425,45556,80404,3699,2026-03-25T07:19,2026-03-25,2026-W13,2,yes
Markeb,Kap,Vel,9.368562,-55.010668,2.47,2.47,HYG v4.1 catalog V (stable baseline),no,45809,45941,81188,3734,2026-03-26T16:26,2026-03-27,2026-W13,2,yes
Algieba,Gam-1,Leo,10.332873,19.841489,2.01,2.01,HYG v4.1 catalog V (stable baseline),no,50440,50583,89484,4057,2026-04-11T12:32,2026-04-12,2026-W15,2,yes
Phecda,Gam,UMa,11.897168,53.69476,2.41,2.41,HYG v4.1 catalog V (stable baseline),no,57828,58001,103287,4554,2026-05-06T10:41,2026-05-06,2026-W19,2,yes
Gacrux,Gam,Cru,12.519429,-57.113212,1.59,1.59,HYG v4.1 catalog V (stable baseline),no,60893,61084,108903,4763,2026-05-15T23:31,2026-05-16,2026-W20,2,yes
,Gam,Cen,12.691971,-48.959888,2.2,2.2,HYG v4.1 catalog V (stable baseline),no,61739,61932,110304,4819,2026-05-18T14:01,2026-05-19,2026-W21,2,yes
Alioth,Eps,UMa,12.900472,55.959821,1.76,1.76,HYG v4.1 catalog V (stable baseline),no,62757,62956,112185,4905,2026-05-21T17:04,2026-05-22,2026-W21,2,yes
Mizar,Zet,UMa,13.398747,54.925362,2.23,2.23,HYG v4.1 catalog V (stable baseline),no,65173,65378,116656,5054,2026-05-29T02:31,2026-05-29,2026-W22,2,yes
,Eps,Cen,13.664796,-53.466394,2.29,2.29,HYG v4.1 catalog V (stable baseline),no,66447,66657,118716,5132,2026-06-02T00:16,2026-06-02,2026-W23,2,yes
Alkaid,Eta,UMa,13.792354,49.313265,1.85,1.85,HYG v4.1 catalog V (stable baseline),no,67088,67301,120315,5191,2026-06-03T21:01,2026-06-04,2026-W23,2,yes
Menkent,The,Cen,14.111395,-36.369954,2.06,2.06,HYG v4.1 catalog V (stable baseline),no,68714,68933,123139,5288,2026-06-08T12:25,2026-06-09,2026-W24,2,yes
,Eta,Cen,14.591786,-42.157824,2.33,2.33,HYG v4.1 catalog V (stable baseline),no,71125,71352,127972,5440,2026-06-15T11:08,2026-06-15,2026-W25,2,yes
Izar,Eps,Boo,14.749784,27.074222,2.35,2.35,HYG v4.1 catalog V (stable baseline),no,71879,72105,129988,5505,2026-06-17T17:49,2026-06-18,2026-W25,2,yes
Dschubba,Del,Sco,16.005557,-22.62171,2.29,2.29,HYG v4.1 catalog V (stable baseline),no,78165,78401,143275,5953,2026-07-05T21:58,2026-07-06,2026-W28,2,yes
Larawag,Eps,Sco,16.83608,-34.293232,2.29,2.29,HYG v4.1 catalog V (stable baseline),no,82144,82396,151680,6241,2026-07-18T03:48,2026-07-18,2026-W29,2,yes
Sabik,Eta,Oph,17.172968,-15.72491,2.43,2.43,HYG v4.1 catalog V (stable baseline),no,83755,84012,155125,6378,2026-07-23T05:12,2026-07-23,2026-W30,2,yes
Shaula,Lam,Sco,17.560145,-37.103821,1.62,1.62,HYG v4.1 catalog V (stable baseline),no,85665,85927,158926,6527,2026-07-29T02:38,2026-07-29,2026-W31,2,yes
Sargas,The,Sco,17.62198,-42.997824,1.86,1.86,HYG v4.1 catalog V (stable baseline),no,85965,86228,159532,6553,2026-07-30T01:26,2026-07-30,2026-W31,2,yes
,Kap,Sco,17.708132,-39.029983,2.39,2.39,HYG v4.1 catalog V (stable baseline),no,86403,86670,160578,6580,2026-07-31T09:16,2026-07-31,2026-W31,2,yes
Eltanin,Gam,Dra,17.943437,51.488895,2.24,2.24,HYG v4.1 catalog V (stable baseline),no,87561,87833,164058,6705,2026-08-04T00:49,2026-08-04,2026-W32,2,yes
Kaus Australis,Eps,Sgr,18.402868,-34.384616,1.79,1.79,HYG v4.1 catalog V (stable baseline),no,89906,90185,169022,6879,2026-08-11T06:05,2026-08-11,2026-W33,2,yes
Nunki,Sig,Sgr,18.92109,-26.296722,2.05,2.05,HYG v4.1 catalog V (stable baseline),no,92564,92855,175191,7121,2026-08-19T13:17,2026-08-20,2026-W34,2,yes
Sadr,Gam,Cyg,20.370473,40.256679,2.23,2.23,HYG v4.1 catalog V (stable baseline),no,100128,100453,194093,7796,2026-09-12T11:21,2026-09-12,2026-W37,2,yes
Aljanah,Eps,Cyg,20.770178,33.970256,2.48,2.48,HYG v4.1 catalog V (stable baseline),no,102157,102488,197989,7949,2026-09-19T03:50,2026-09-19,2026-W38,2,yes
Enif,Eps,Peg,21.736433,9.875011,2.38,2.38,HYG v4.1 catalog V (stable baseline),no,106972,107315,206778,8308,2026-10-05T05:47,2026-10-05,2026-W41,2,yes
Cih,Gam,Cas,0.945143,60.71674,2.15,2.15,HYG v4.1 catalog V (stable baseline),no,4417,4427,5394,264,2026-11-23T14:20,2026-11-24,2026-W48,2,yes
Almach,Gam-1,And,2.064984,42.329725,2.1,2.1,HYG v4.1 catalog V (stable baseline),no,9618,9640,12533,603,2026-12-09T04:17,2026-12-09,2026-W50,2,yes
