bayer_code,bayer,greek,suffix,con,proper,ra_h,dec_deg,mag,hyg_id,hip,hd,hr,best_instant_utc,best_date,iso,mag_class
Bet,β Ret,β,,Ret,,3.736593,-64.806903,3.84,17398,17440,23817,1175,2025-12-31T14:18,2026-01-01,2026-W01,4
Alp,α Hor,α,,Hor,,4.233363,-42.294368,3.85,19697,19747,26967,1326,2026-01-07T09:03,2026-01-07,2026-W02,4
Alp,α Ret,α,,Ret,,4.240404,-62.473858,3.33,19730,19780,27256,1336,2026-01-07T11:22,2026-01-07,2026-W02,3
Alp,α Dor,α,,Dor,,4.566598,-55.044975,3.3,21228,21281,29305,1465,2026-01-11T23:19,2026-01-12,2026-W03,3
Alp,α Tau,α,,Tau,Aldebaran,4.598677,16.509301,0.87,21368,21421,29139,1457,2026-01-12T10:00,2026-01-12,2026-W03,1
Alp,α Cae,α,,Cae,,4.676039,-41.863752,4.44,21717,21770,29875,1502,2026-01-13T11:47,2026-01-13,2026-W03,4
Bet,β Cae,β,,Cae,,4.700965,-37.144297,5.04,21808,21861,29992,1503,2026-01-13T20:06,2026-01-14,2026-W03,5
Alp,α Cam,α,,Cam,,4.900836,66.342678,4.26,22730,22783,30614,1542,2026-01-16T15:05,2026-01-17,2026-W03,4
Bet,β Men,β,,Men,,5.045279,-71.3143,5.3,23412,23467,33285,1677,2026-01-18T15:48,2026-01-19,2026-W04,5
Bet,β Cam,β,,Cam,,5.05697,60.442245,4.03,23467,23522,31910,1603,2026-01-18T19:46,2026-01-19,2026-W04,4
Bet,β Eri,β,,Eri,Cursa,5.130829,-5.086446,2.78,23820,23875,33111,1666,2026-01-19T20:48,2026-01-20,2026-W04,3
Bet,β Ori,β,,Ori,Rigel,5.242298,-8.20164,0.18,24378,24436,34085,1713,2026-01-21T10:43,2026-01-21,2026-W04,1
Alp,α Aur,α,,Aur,Capella,5.27815,45.997991,0.08,24549,24608,34029,1708,2026-01-21T22:57,2026-01-22,2026-W04,1
Bet,β Tau,β,,Tau,Elnath,5.438198,28.60745,1.65,25364,25428,35497,1791,2026-01-24T05:49,2026-01-24,2026-W04,2
Bet,β Lep,β,,Lep,Nihal,5.470756,-20.759441,2.81,25542,25606,36079,1829,2026-01-24T17:02,2026-01-25,2026-W04,3
Alp,α Lep,α,,Lep,Arneb,5.545504,-17.822289,2.58,25920,25985,36673,1865,2026-01-25T18:50,2026-01-26,2026-W05,3
Bet,β Dor,β,,Dor,,5.560421,-62.489825,3.76,26004,26069,37350,1922,2026-01-26T00:00,2026-01-26,2026-W05,4
Alp,α Col,α,,Col,Phact,5.660817,-34.074108,2.65,26569,26634,37795,1956,2026-01-27T10:49,2026-01-27,2026-W05,3
Bet,β Pic,β,,Pic,,5.788079,-51.066514,3.85,27253,27321,39060,2020,2026-01-29T07:12,2026-01-29,2026-W05,4
Bet,β Col,β,,Col,Wazn,5.849329,-35.768309,3.12,27559,27628,39425,2040,2026-01-30T04:39,2026-01-30,2026-W05,3
Alp,α Ori,α,,Ori,Betelgeuse,5.919529,7.407063,0.45,27919,27989,39801,2061,2026-01-31T05:20,2026-01-31,2026-W05,1
Bet,β Aur,β,,Aur,Menkalinan,5.992149,44.947433,1.9,28288,28360,40183,2088,2026-02-01T06:57,2026-02-01,2026-W05,2
Alp,α Men,α,,Men,,6.170632,-74.753045,5.08,29198,29271,43834,2261,2026-02-03T22:18,2026-02-04,2026-W06,5
Bet,β CMa,β,,CMa,Mirzam,6.378329,-17.955918,1.98,30251,30324,44743,2294,2026-02-07T00:43,2026-02-07,2026-W06,2
Alp,α Car,α,,Car,Canopus,6.399195,-52.69566,-0.62,30365,30438,45348,2326,2026-02-07T08:14,2026-02-07,2026-W06,1
Bet,β Mon,β,,Mon,,6.480297,-7.033062,3.76,30794,30867,45725,2356,2026-02-08T13:32,2026-02-09,2026-W07,4
Alp,α CMa,α,,CMa,Sirius,6.752481,-16.716116,-1.44,32263,32349,48915,2491,2026-02-12T16:42,2026-02-13,2026-W07,1
Alp,α Pic,α,,Pic,,6.803194,-61.941391,3.24,32521,32607,50241,2550,2026-02-13T11:19,2026-02-13,2026-W07,3
Bet,β CMi,β,,CMi,Gomeisa,7.452512,8.289315,2.89,36087,36188,58715,2845,2026-02-23T13:40,2026-02-24,2026-W09,3
Alp,α Gem,α,,Gem,Castor B,7.576827,31.89052,2.85,118485,,60178,2890,2026-02-25T12:48,2026-02-26,2026-W09,3
Alp,α Gem,α,,Gem,Castor B,7.576827,31.89052,2.85,118485,,60178,2890,2026-02-25T12:52,2026-02-26,2026-W09,3
Alp,α CMi,α,,CMi,Procyon,7.655033,5.224993,0.4,37173,37279,61421,2943,2026-02-26T18:42,2026-02-27,2026-W09,1
Alp,α Mon,α,,Mon,,7.687454,-9.551131,3.94,37340,37447,61935,2970,2026-02-27T07:05,2026-02-27,2026-W09,4
Bet,β Gem,β,,Gem,Pollux,7.755277,28.026199,1.16,37718,37826,62509,2990,2026-02-28T09:03,2026-02-28,2026-W09,1
Bet,β Cnc,β,,Cnc,Tarf,8.275256,9.185545,3.53,40411,40526,69267,3249,2026-03-08T18:11,2026-03-09,2026-W11,4
Alp,α Cha,α,,Cha,,8.308703,-76.919722,4.05,40587,40702,71243,3318,2026-03-09T07:14,2026-03-09,2026-W11,4
Bet,β Vol,β,,Vol,,8.428951,-66.13689,3.77,41195,41312,71878,3347,2026-03-11T06:13,2026-03-11,2026-W11,4
Bet,β Pyx,β,,Pyx,,8.668373,-35.308352,3.97,42396,42515,74006,3438,2026-03-15T04:06,2026-03-15,2026-W11,4
Alp,α Pyx,α,,Pyx,,8.726539,-33.186385,3.68,42709,42828,74575,3468,2026-03-16T02:59,2026-03-16,2026-W12,4
Alp,α Cnc,α,,Cnc,Acubens,8.974784,11.857701,4.26,43939,44066,76756,3572,2026-03-20T04:48,2026-03-20,2026-W12,4
Alp,α Vol,α,,Vol,,9.040777,-66.396076,4,44254,44382,78045,3615,2026-03-21T06:51,2026-03-21,2026-W12,4
Bet,β Car,β,,Car,Miaplacidus,9.220041,-69.717208,1.67,45106,45238,80007,3685,2026-03-24T05:42,2026-03-24,2026-W13,2
Alp,α Lyn,α,,Lyn,,9.350925,34.392562,3.14,45728,45860,80493,3705,2026-03-26T09:27,2026-03-26,2026-W13,3
Alp,α Hya,α,,Hya,Alphard,9.45979,-8.658603,1.99,46259,46390,81797,3748,2026-03-28T04:31,2026-03-28,2026-W13,2
Alp,α Sex,α,,Sex,,10.1323,-0.371637,4.48,49500,49641,87887,3981,2026-04-08T05:54,2026-04-08,2026-W15,4
Alp,α Leo,α,,Leo,Regulus,10.139532,11.967207,1.36,49528,49669,87901,3982,2026-04-08T08:45,2026-04-08,2026-W15,1
Alp,α Ant,α,,Ant,,10.45253,-31.067779,4.28,51027,51172,90610,4104,2026-04-13T11:17,2026-04-13,2026-W16,4
Bet,β LMi,β,,LMi,,10.464727,36.707212,4.2,51089,51233,90537,4100,2026-04-13T16:02,2026-04-14,2026-W16,4
Bet,β Sex,β,,Sex,,10.504855,-0.637026,5.08,51290,51437,90994,4119,2026-04-14T07:41,2026-04-14,2026-W16,5
Alp,α Crt,α,,Crt,Alkes,10.996244,-18.298783,4.08,53584,53740,95272,4287,2026-04-22T05:49,2026-04-22,2026-W17,4
Bet,β UMa,β,,UMa,Merak,11.030677,56.382427,2.34,53754,53910,95418,4295,2026-04-22T19:02,2026-04-23,2026-W17,2
Alp,α UMa,α,,UMa,Dubhe,11.062155,61.751033,1.81,53905,54061,95689,4301,2026-04-23T07:06,2026-04-23,2026-W17,2
Bet,β Crt,β,,Crt,,11.194302,-22.825847,4.46,54522,54682,97277,4343,2026-04-25T09:40,2026-04-25,2026-W17,4
Bet,β Leo,β,,Leo,Denebola,11.817663,14.57206,2.14,57459,57632,102647,4534,2026-05-05T05:03,2026-05-05,2026-W19,2
Bet,β Vir,β,,Vir,Zavijava,11.844922,1.764718,3.59,57584,57757,102870,4540,2026-05-05T15:14,2026-05-06,2026-W19,4
Bet,β Hya,β,,Hya,,11.881813,-33.908124,4.29,57763,57936,103192,4552,2026-05-06T04:58,2026-05-06,2026-W19,4
Alp,α Crv,α,,Crv,Alchiba,12.140225,-24.728875,4.02,59020,59199,105452,4623,2026-05-10T04:43,2026-05-10,2026-W19,4
Bet,β Cha,β,,Cha,,12.305812,-79.31224,4.24,59816,60000,106911,4674,2026-05-12T17:34,2026-05-13,2026-W20,4
Alp1,α1 Cru,α,1,Cru,Acrux,12.443304444,-63.099091667,1.33,,60718,108248,4730,2026-05-14T19:49,2026-05-15,2026-W20,1
Alp2,α2 Cru,α,2,Cru,,12.443333333,-63.099444444,1.58,,,108249,4731,2026-05-14T19:49,2026-05-15,2026-W20,2
Bet,β CVn,β,,CVn,Chara,12.562411,41.35748,4.24,61124,61317,109358,4785,2026-05-16T15:07,2026-05-17,2026-W20,4
Bet,β Crv,β,,Crv,Kraz,12.573121,-23.396759,2.65,61166,61359,109379,4786,2026-05-16T19:00,2026-05-17,2026-W20,3
Alp,α Mus,α,,Mus,,12.619739,-69.135564,2.69,61392,61585,109668,4798,2026-05-17T11:54,2026-05-17,2026-W20,3
Bet,β Mus,β,,Mus,,12.771346,-68.108119,3.04,62127,62322,110879,4844,2026-05-19T18:39,2026-05-20,2026-W21,3
Bet,β Cru,β,,Cru,Mimosa,12.795359,-59.688764,1.25,62239,62434,111123,4853,2026-05-20T03:18,2026-05-20,2026-W21,1
Alp1,α1 CVn,α,1,CVn,,12.933453197,38.314852517,5.60,,63121,112412,4914,2026-05-22T04:54,2026-05-22,2026-W21,6
Alp2,α2 CVn,α,2,CVn,Cor Caroli,12.933796389,38.318375000,2.89,,63125,112413,4915,2026-05-22T05:01,2026-05-22,2026-W21,3
Alp,α Com,α,,Com,,13.166389,17.528977,5.17,118869,,114379,4969,2026-05-25T16:05,2026-05-26,2026-W22,5
Alp,α Com,α,,Com,,13.166389,17.528977,5.17,118869,,114379,4969,2026-05-25T16:07,2026-05-26,2026-W22,5
Bet,β Com,β,,Com,,13.197904,27.878183,4.23,64189,64394,114710,4983,2026-05-26T03:18,2026-05-26,2026-W22,4
Alp,α Vir,α,,Vir,Spica,13.419883,-11.161322,0.98,65269,65474,116658,5056,2026-05-29T09:59,2026-05-29,2026-W22,1
Bet,β Cen,β,,Cen,Hadar,14.063729,-60.373039,0.61,68483,68702,122451,5267,2026-06-07T19:49,2026-06-08,2026-W24,1
Alp,α Dra,α,,Dra,Thuban,14.073165,64.37585,3.67,68537,68756,123299,5291,2026-06-07T23:06,2026-06-08,2026-W24,4
Alp,α Boo,α,,Boo,Arcturus,14.26103,19.18241,-0.05,69451,69673,124897,5340,2026-06-10T16:27,2026-06-11,2026-W24,1
Alp,α Cen,α,,Cen,Rigil Kentaurus,14.660137222,-60.833992694,-0.01,,71683,128620,5459,2026-06-16T10:48,2026-06-16,2026-W25,1
Alp,α Lup,α,,Lup,,14.698823,-47.3882,2.3,71634,71860,129056,5469,2026-06-17T00:11,2026-06-17,2026-W25,2
Alp,α Cir,α,,Cir,,14.708492,-64.975138,3.18,71682,71908,128898,5463,2026-06-17T03:32,2026-06-17,2026-W25,3
Alp,α Aps,α,,Aps,,14.797701,-79.044751,3.83,72144,72370,129078,5470,2026-06-18T10:24,2026-06-18,2026-W25,4
Alp1,α1 Lib,α,1,Lib,,14.844772492,-15.997235611,5.153,,72603,130819,5530,2026-06-19T02:41,2026-06-19,2026-W25,5
Bet,β UMi,β,,UMi,Kochab,14.845105,74.155505,2.07,72380,72607,131873,5563,2026-06-19T02:48,2026-06-19,2026-W25,2
Alp2,α2 Lib,α,2,Lib,Zubenelgenubi,14.847975858,-16.041777778,2.741,,72622,130841,5531,2026-06-19T03:48,2026-06-19,2026-W25,3
Bet,β Lup,β,,Lup,,14.975537,-43.13396,2.68,73046,73273,132058,5571,2026-06-20T23:56,2026-06-21,2026-W25,3
Bet,β Boo,β,,Boo,Nekkar,15.032436,40.390566,3.49,73327,73555,133208,5602,2026-06-21T19:38,2026-06-22,2026-W26,3
Bet,β Lib,β,,Lib,Zubeneschamali,15.283449,-9.382917,2.61,74556,74785,135742,5685,2026-06-25T10:34,2026-06-25,2026-W26,3
Bet,β Cir,β,,Cir,,15.291917,-58.801208,4.07,74595,74824,135379,5670,2026-06-25T13:30,2026-06-26,2026-W26,4
Bet,β CrB,β,,CrB,Nusakan,15.463818,29.105703,3.66,75466,75695,137909,5747,2026-06-28T01:08,2026-06-28,2026-W26,4
Alp,α CrB,α,,CrB,Alphecca,15.578128,26.714693,2.22,76035,76267,139006,5793,2026-06-29T16:51,2026-06-30,2026-W27,2
Alp,α Ser,α,,Ser,Unukalhai,15.737798,6.425627,2.63,76835,77070,140573,5854,2026-07-02T00:26,2026-07-02,2026-W27,3
Bet,β Ser,β,,Ser,,15.769793,15.421826,3.65,76997,77233,141003,5867,2026-07-02T11:35,2026-07-02,2026-W27,4
Bet,β TrA,β,,TrA,,15.919083,-63.430727,2.83,77716,77952,141891,5897,2026-07-04T15:43,2026-07-05,2026-W27,3
Bet1,β1 Sco,β,1,Sco,Acrab,16.090619994,-19.805452778,2.62,,78820,144217,5984,2026-07-07T03:47,2026-07-07,2026-W28,3
Bet2,β2 Sco,β,2,Sco,,16.090714244,-19.801904333,4.92,,78821,144218,5985,2026-07-07T03:49,2026-07-07,2026-W28,5
Alp,α Sco,α,,Sco,Antares,16.490128,-26.432002,1.06,80519,80763,148478,6134,2026-07-13T00:36,2026-07-13,2026-W29,1
Bet,β Her,β,,Her,Kornephoros,16.503668,21.489613,2.78,80571,80816,148856,6148,2026-07-13T05:24,2026-07-13,2026-W29,3
Bet,β Aps,β,,Aps,,16.718126,-77.517435,4.23,81602,81852,149324,6163,2026-07-16T09:39,2026-07-16,2026-W29,4
Alp,α TrA,α,,TrA,Atria,16.811077,-69.027715,1.91,82022,82273,150798,6217,2026-07-17T18:51,2026-07-18,2026-W29,2
Alp1,α1 Her,α,1,Her,Rasalgethi,17.244125833,14.390372222,3.35,,84345,156014,6406,2026-07-24T07:02,2026-07-24,2026-W30,3
Alp2,α2 Her,α,2,Her,,17.244216944,14.389994444,5.322,,,156015,6407,2026-07-24T07:04,2026-07-24,2026-W30,5
Bet,β Ara,β,,Ara,,17.421665,-55.529884,2.84,84999,85258,157244,6461,2026-07-26T23:48,2026-07-27,2026-W31,3
Bet,β Dra,β,,Dra,Rastaban,17.507213,52.301387,2.79,85410,85670,159181,6536,2026-07-28T07:10,2026-07-28,2026-W31,3
Alp,α Ara,α,,Ara,,17.530695,-49.876145,2.84,85530,85792,158427,6510,2026-07-28T15:48,2026-07-29,2026-W31,3
Alp,α Oph,α,,Oph,Rasalhague,17.582241,12.560035,2.08,85769,86032,159561,6556,2026-07-29T10:46,2026-07-29,2026-W31,2
Bet,β Oph,β,,Oph,Cebalrai,17.724543,4.567303,2.76,86475,86742,161096,6603,2026-07-31T15:21,2026-08-01,2026-W31,3
Alp,α Tel,α,,Tel,,18.449561,-45.968459,3.49,90143,90422,169467,6897,2026-08-11T23:52,2026-08-12,2026-W33,3
Alp,α Sct,α,,Sct,,18.586785,-8.244073,3.85,90835,91117,171443,6973,2026-08-14T04:19,2026-08-14,2026-W33,4
Alp,α Lyr,α,,Lyr,Vega,18.61564,38.783692,0.03,90979,91262,172167,7001,2026-08-14T15:23,2026-08-15,2026-W33,1
Bet,β Sct,β,,Sct,,18.786242,-4.747867,4.22,91888,92175,173764,7063,2026-08-17T09:04,2026-08-17,2026-W34,4
Bet,β Lyr,β,,Lyr,Sheliak,18.834665,33.362667,3.52,92133,92420,174638,7106,2026-08-18T03:47,2026-08-18,2026-W34,4
Alp,α CrA,α,,CrA,Meridiana,19.157869,-37.904474,4.11,93819,94114,178253,7254,2026-08-23T09:35,2026-08-23,2026-W34,4
Bet,β CrA,β,,CrA,,19.167154,-39.340796,4.1,93865,94160,178345,7259,2026-08-23T13:13,2026-08-24,2026-W35,4
Bet1,β1 Sgr,β,1,Sgr,Arkab Prior,19.377305337,-44.458958385,4.01,,95241,181454,7337,2026-08-26T23:46,2026-08-27,2026-W35,4
Bet2,β2 Sgr,β,2,Sgr,Arkab Posterior,19.386982625,-44.799779197,4.29,,95294,181623,7343,2026-08-27T03:35,2026-08-27,2026-W35,4
Alp,α Sgr,α,,Sgr,Rukbat,19.398103,-40.61594,3.96,95052,95347,181869,7348,2026-08-27T07:58,2026-08-27,2026-W35,4
Alp,α Vul,α,,Vul,Anser,19.478427,24.664905,4.44,95473,95771,183439,7405,2026-08-28T15:40,2026-08-29,2026-W35,4
Bet1,β1 Cyg,β,1,Cyg,Albireo,19.512023,27.959681,3.05,95648,95947,183912,7417,2026-08-29T04:57,2026-08-29,2026-W35,3
Bet2,β2 Cyg,β,2,Cyg,Albireo B,19.51261,27.965276,5.12,95652,95951,183914,7418,2026-08-29T05:11,2026-08-29,2026-W35,5
Alp,α Sge,α,,Sge,Sham,19.668275,18.01389,4.39,96450,96757,185758,7479,2026-08-31T18:53,2026-09-01,2026-W36,4
Bet,β Sge,β,,Sge,,19.68415,17.476041,4.39,96530,96837,185958,7488,2026-09-01T01:11,2026-09-01,2026-W36,4
Alp,α Aql,α,,Aql,Altair,19.846388,8.868322,0.76,97338,97649,187642,7557,2026-09-03T17:44,2026-09-04,2026-W36,1
Bet,β Aql,β,,Aql,Alshain,19.921887,6.406763,3.71,97725,98036,188512,7602,2026-09-04T23:50,2026-09-05,2026-W36,4
Alp1,α1 Cap,α,1,Cap,,20.294128889,-12.508208333,4.24,,100027,192876,7747,2026-09-11T04:44,2026-09-11,2026-W37,4
Alp2,α2 Cap,α,2,Cap,Algedi,20.300904332,-12.544852120,3.57,,100064,192947,7754,2026-09-11T07:27,2026-09-11,2026-W37,4
Bet,β Cap,β,,Cap,Dabih,20.350187,-14.781367,3.05,100020,100345,193495,7776,2026-09-12T03:13,2026-09-12,2026-W37,3
Alp,α Pav,α,,Pav,Peacock,20.427459,-56.73509,1.94,100425,100751,193924,7790,2026-09-13T10:13,2026-09-13,2026-W37,2
Bet,β Del,β,,Del,Rotanev,20.625816,14.595087,3.64,101442,101769,196524,7882,2026-09-16T17:51,2026-09-17,2026-W38,4
Alp,α Ind,α,,Ind,,20.626116,-47.291502,3.11,101445,101772,196171,7869,2026-09-16T17:58,2026-09-17,2026-W38,3
Alp,α Del,α,,Del,Sualocin,20.660635,15.912072,3.77,101629,101958,196867,7906,2026-09-17T07:50,2026-09-17,2026-W38,4
Alp,α Cyg,α,,Cyg,Deneb,20.690532,45.280338,1.25,101767,102098,197345,7924,2026-09-17T19:50,2026-09-18,2026-W38,1
Bet,β Pav,β,,Pav,,20.749314,-66.203212,3.42,102064,102395,197051,7913,2026-09-18T19:27,2026-09-19,2026-W38,3
Alp,α Mic,α,,Mic,,20.8328,-33.779722,4.89,102500,102831,198232,7965,2026-09-20T04:58,2026-09-20,2026-W38,5
Bet,β Mic,β,,Mic,,20.866322,-33.177974,6.06,102659,102989,198529,7979,2026-09-20T18:26,2026-09-21,2026-W39,6
Bet,β Ind,β,,Ind,,20.913498,-58.454155,3.67,102895,103227,198700,7986,2026-09-21T13:22,2026-09-22,2026-W39,4
Alp,α Oct,α,,Oct,,21.078621,-77.023767,5.13,103708,104043,199532,8021,2026-09-24T07:36,2026-09-24,2026-W39,5
Alp,α Equ,α,,Equ,Kitalpha,21.263731,5.247845,3.92,104649,104987,202447,8131,2026-09-27T09:43,2026-09-27,2026-W39,4
Alp,α Cep,α,,Cep,Alderamin,21.30963,62.585573,2.45,104861,105199,203280,8162,2026-09-28T04:04,2026-09-28,2026-W40,2
Bet,β Equ,β,,Equ,,21.381559,6.81114,5.16,105229,105570,203562,8178,2026-09-29T08:47,2026-09-29,2026-W40,5
Bet,β Cep,β,,Cep,Alfirk,21.477662,70.560716,3.23,105691,106032,205021,8238,2026-09-30T23:05,2026-10-01,2026-W40,3
Bet,β Aqr,β,,Aqr,Sadalsuud,21.525982,-5.571172,2.9,105936,106278,204867,8232,2026-10-01T18:19,2026-10-02,2026-W40,3
Alp,α Aqr,α,,Aqr,Sadalmelik,22.096399,-0.319851,2.95,108728,109074,209750,8414,2026-10-11T03:20,2026-10-11,2026-W41,3
Alp,α Gru,α,,Gru,Alnair,22.137209,-46.960975,1.73,108922,109268,209952,8425,2026-10-11T19:16,2026-10-12,2026-W42,2
Alp,α Tuc,α,,Tuc,,22.308371,-60.259587,2.87,109784,110130,211416,8502,2026-10-14T13:52,2026-10-15,2026-W42,3
Bet,β Lac,β,,Lac,,22.392675,52.229046,4.42,110192,110538,212496,8538,2026-10-15T22:30,2026-10-16,2026-W42,4
Alp,α Lac,α,,Lac,,22.521515,50.282491,3.76,110822,111169,213558,8585,2026-10-18T00:10,2026-10-18,2026-W42,4
Bet,β PsA,β,,PsA,,22.52509,-32.346073,4.29,110841,111188,213398,8576,2026-10-18T01:33,2026-10-18,2026-W42,4
Bet,β Gru,β,,Gru,Tiaki,22.711115,-46.884577,2.07,111768,112122,214952,8636,2026-10-21T00:46,2026-10-21,2026-W43,2
Bet,β Oct,β,,Oct,,22.767692,-81.381615,4.13,112050,112405,214846,8630,2026-10-21T22:19,2026-10-22,2026-W43,4
Alp,α PsA,α,,PsA,Fomalhaut,22.960838,-29.622236,1.17,113008,113368,216956,8728,2026-10-24T23:27,2026-10-25,2026-W43,1
Bet,β Peg,β,,Peg,Scheat,23.062901,28.082789,2.44,113521,113881,217906,8775,2026-10-26T13:49,2026-10-27,2026-W44,2
Bet,β Psc,β,,Psc,Fumalsamakah,23.064615,3.820045,4.48,113529,113889,217891,8773,2026-10-26T14:28,2026-10-27,2026-W44,4
Alp,α Peg,α,,Peg,Markab,23.079348,15.205264,2.49,113603,113963,218045,8781,2026-10-26T19:59,2026-10-27,2026-W44,2
Bet,β Scl,β,,Scl,,23.549512,-37.818268,4.38,115865,116231,221507,8937,2026-11-03T02:01,2026-11-03,2026-W45,4
Alp,α And,α,,And,Alpheratz,0.139791,29.090432,2.07,676,677,358,15,2026-11-11T22:27,2026-11-12,2026-W46,2
Bet,β Cas,β,,Cas,Caph,0.152887,59.14978,2.28,744,746,432,21,2026-11-12T03:06,2026-11-12,2026-W46,2
Bet,β Hyi,β,,Hyi,,0.427916,-77.254247,2.82,2016,2021,2151,98,2026-11-16T03:49,2026-11-16,2026-W47,3
Alp,α Phe,α,,Phe,Ankaa,0.438056,-42.305981,2.4,2076,2081,2261,99,2026-11-16T07:21,2026-11-16,2026-W47,2
Bet1,β1 Tuc,β,1,Tuc,,0.525741917,-62.958218611,4.37,,2484,2884,126,2026-11-17T13:54,2026-11-18,2026-W47,4
Bet2,β2 Tuc,β,2,Tuc,,0.525950639,-62.965592778,4.54,,2487,2885,,2026-11-17T13:59,2026-11-18,2026-W47,5
Bet3,β3 Tuc,β,3,Tuc,,0.545529167,-63.031500000,5.09,,,,,2026-11-17T20:47,2026-11-18,2026-W47,5
Alp,α Cas,α,,Cas,Schedar,0.675116,56.537331,2.24,3172,3179,3712,168,2026-11-19T17:40,2026-11-20,2026-W47,2
Bet,β Cet,β,,Cet,Diphda,0.72649,-17.986605,2.04,3413,3419,4128,188,2026-11-20T11:23,2026-11-20,2026-W47,2
Alp,α Scl,α,,Scl,,0.976766,-29.357449,4.3,4567,4577,5737,280,2026-11-24T01:06,2026-11-24,2026-W48,4
Bet,β Phe,β,,Phe,,1.101407,-46.718414,3.32,5154,5165,6595,322,2026-11-25T19:27,2026-11-26,2026-W48,3
Bet,β And,β,,And,Mirach,1.162194,35.620558,2.07,5436,5447,6860,337,2026-11-26T16:02,2026-11-27,2026-W48,2
Alp,α Eri,α,,Eri,Achernar,1.628556,-57.236757,0.45,7574,7588,10144,472,2026-12-03T04:15,2026-12-03,2026-W49,1
Alp,α Tri,α,,Tri,Mothallah,1.884696,29.578829,3.42,8777,8796,11443,544,2026-12-06T17:00,2026-12-07,2026-W50,3
Bet,β Ari,β,,Ari,Sheratan,1.910668,20.808035,2.64,8884,8903,11636,553,2026-12-07T01:33,2026-12-07,2026-W50,3
Alp,α Hyi,α,,Hyi,,1.979451,-61.569859,2.86,9217,9236,12311,591,2026-12-08T00:11,2026-12-08,2026-W50,3
Alp,α Psc,α,,Psc,Alrescha,2.034117,2.763759,3.82,9467,9487,12446,595,2026-12-08T18:09,2026-12-09,2026-W50,4
Alp,α Ari,α,,Ari,Hamal,2.119555,23.462423,2.01,9861,9884,12929,617,2026-12-09T22:10,2026-12-10,2026-W50,2
Bet,β Tri,β,,Tri,,2.159058,34.987297,3,10041,10064,13161,622,2026-12-10T11:07,2026-12-10,2026-W50,3
Alp,α UMi,α,,UMi,Polaris,2.52975,89.264109,1.97,11734,11767,8890,424,2026-12-15T12:05,2026-12-16,2026-W51,2
Bet,β For,β,,For,,2.818169,-32.405898,4.45,13114,13147,17652,841,2026-12-19T09:49,2026-12-19,2026-W51,4
Bet,β Hor,β,,Hor,,2.979939,-64.071284,4.98,13850,13884,18866,909,2026-12-21T14:19,2026-12-22,2026-W52,5
Alp,α Cet,α,,Cet,Menkar,3.037992,4.089734,2.54,14100,14135,18884,911,2026-12-22T09:09,2026-12-22,2026-W52,3
Bet,β Per,β,,Per,Algol,3.136148,40.955648,2.09,14540,14576,19356,936,2026-12-23T17:00,2026-12-24,2026-W52,2
Alp,α For,α,,For,Dalim,3.201249,-28.987618,3.8,14843,14879,20010,963,2026-12-24T14:08,2026-12-25,2026-W52,4
Alp,α Per,α,,Per,Mirfak,3.405378,49.86118,1.79,15824,15863,20902,1017,2026-12-27T08:24,2026-12-27,2026-W52,2
Bet,β Ret,β,,Ret,,3.736593,-64.806903,3.84,17398,17440,23817,1175,2026-12-31T20:09,2027-01-01,2026-W53,4
