finest_ngc,catalog,name,con,type,ra_h,dec_deg,mag,source,best_instant_utc,best_date,iso
5,NGC 7789,OCL 269,Cas,OC,23.9567,56.7083,7.5,RASC Finest NGC Checklist v2.1a,2027-11-09 11:04,2027-11-09,2027-W45-2
7,NGC 281,PacMan Nebula,Cas,EN,0.8833,56.6167,7.4,RASC Finest NGC Checklist v2.1a,2027-11-22 23:00,2027-11-23,2027-W47-2
10,IC 289,PN G138.8+02.8,Cas,PN,3.1720,61.3169,12,RASC Finest NGC Checklist v2.1a,2027-12-24 10:24,2027-12-24,2027-W51-5
14,NGC 772,Arp 78,Ari,Gal,1.9889,19.0078,10.6,RASC Finest NGC Checklist v2.1a,2027-12-08 09:04,2027-12-08,2027-W49-3
16,NGC 936,MCG 0-7-17,Cet,Gal,2.4604,-1.1556,11.2,RASC Finest NGC Checklist v2.1a,2027-12-14 19:19,2027-12-15,2027-W50-3
18,NGC 1023,Arp 135,Per,Gal,2.6733,39.0633,9.6,RASC Finest NGC Checklist v2.1a,2027-12-17 16:35,2027-12-18,2027-W50-6
19,NGC 1491,Sh 2-206,Per,EN,4.0557,51.3214,,RASC Finest NGC Checklist v2.1a,2027-01-05 04:23,2027-01-05,2027-W01-2
20,NGC 1501,PN G144.5+06.5,Cam,PN,4.1164,60.9206,12,RASC Finest NGC Checklist v2.1a,2027-01-06 00:18,2027-01-06,2027-W01-3
21,NGC 1232,Arp 41,Eri,Gal,3.1626,-20.5808,10.6,RASC Finest NGC Checklist v2.1a,2027-12-24 07:21,2027-12-24,2027-W51-5
22,NGC 1535,Cleopatra's Eye,Eri,PN,4.2377,-12.7394,9.4,RASC Finest NGC Checklist v2.1a,2027-01-07 16:12,2027-01-08,2027-W01-5
23,NGC 1514,Crystal Ball Nebula,Tau,PN,4.1547,30.7758,10.8,RASC Finest NGC Checklist v2.1a,2027-01-06 12:53,2027-01-07,2027-W01-4
24,NGC 1931,,Aur,E/RN,5.5244,34.2486,14,RASC Finest NGC Checklist v2.1a,2027-01-25 17:18,2027-01-26,2027-W04-2
25,NGC 1788,vdB 33,Ori,RN,5.1150,-3.3333,,RASC Finest NGC Checklist v2.1a,2027-01-19 21:10,2027-01-20,2027-W03-3
26,NGC 1973,with NGC 1975 & 1977,Ori,E/RN,5.5850,-4.7333,7,RASC Finest NGC Checklist v2.1a,2027-01-26 14:16,2027-01-27,2027-W04-3
27,NGC 2022,PN G196.6-10.9,Ori,PN,5.7017,9.0864,11.7,RASC Finest NGC Checklist v2.1a,2027-01-28 06:48,2027-01-28,2027-W04-4
28,NGC 2024,Flame Nebula,Ori,EN,5.6950,-1.8500,,RASC Finest NGC Checklist v2.1a,2027-01-28 04:28,2027-01-28,2027-W04-4
29,NGC 2194,Collinder 87,Ori,OC,6.2292,12.8067,10,RASC Finest NGC Checklist v2.1a,2027-02-05 00:54,2027-02-05,2027-W05-5
30,NGC 2371,Gemini Nebula; 2372?,Gem,PN,7.4263,29.4906,11.2,RASC Finest NGC Checklist v2.1a,2027-02-23 09:28,2027-02-23,2027-W08-2
34,NGC 2359,Thor's Helmet,CMa,EN,7.3083,-13.2333,,RASC Finest NGC Checklist v2.1a,2027-02-21 12:56,2027-02-22,2027-W08-1
35,NGC 2440,,Pup,PN,7.6987,-18.2086,11.5,RASC Finest NGC Checklist v2.1a,2027-02-27 17:06,2027-02-28,2027-W08-7
36,NGC 2539,Collinder 176,Pup,OC,8.1769,-12.8183,8,RASC Finest NGC Checklist v2.1a,2027-03-07 09:32,2027-03-07,2027-W09-7
38,NGC 2655,Arp 225,Cam,Gal,8.9275,78.2236,11,RASC Finest NGC Checklist v2.1a,2027-03-19 15:48,2027-03-20,2027-W11-6
39,NGC 2683,UFO Galaxy,Lyn,Gal,8.8781,33.4211,10,RASC Finest NGC Checklist v2.1a,2027-03-18 20:19,2027-03-19,2027-W11-5
40,NGC 2841,MCG 9-16-5,UMa,Gal,9.3674,50.9764,10,RASC Finest NGC Checklist v2.1a,2027-03-26 21:39,2027-03-27,2027-W12-6
41,NGC 3079,MCG 9-17-10,UMa,Gal,10.0329,55.6806,11.4,RASC Finest NGC Checklist v2.1a,2027-04-06 20:24,2027-04-07,2027-W14-3
42,NGC 3184,MCG 7-21-37,UMa,Gal,10.3047,41.4244,10.4,RASC Finest NGC Checklist v2.1a,2027-04-11 07:05,2027-04-11,2027-W14-7
43,NGC 3877,MCG 8-22-2,UMa,Gal,11.7688,47.4947,11.8,RASC Finest NGC Checklist v2.1a,2027-05-04 16:23,2027-05-05,2027-W18-3
44,NGC 3941,MCG 6-26-51,UMa,Gal,11.8820,36.9864,11.3,RASC Finest NGC Checklist v2.1a,2027-05-06 10:37,2027-05-06,2027-W18-4
45,NGC 4026,MCG 9-20-52,UMa,Gal,11.9903,50.9617,11.7,RASC Finest NGC Checklist v2.1a,2027-05-08 02:51,2027-05-08,2027-W18-6
46,NGC 4088,Arp 18,UMa,Gal,12.0927,50.5394,11.3,RASC Finest NGC Checklist v2.1a,2027-05-09 16:45,2027-05-10,2027-W19-1
47,NGC 4157,MCG 9-20-106,UMa,Gal,12.1847,50.4853,12.1,RASC Finest NGC Checklist v2.1a,2027-05-11 02:40,2027-05-11,2027-W19-2
48,NGC 4605,MCG 10-18-74,UMa,Gal,12.6665,61.6092,10.8,RASC Finest NGC Checklist v2.1a,2027-05-18 10:27,2027-05-18,2027-W20-2
51,NGC 3003,MCG 6-22-13,LMi,Gal,9.8099,33.4219,12.2,RASC Finest NGC Checklist v2.1a,2027-04-03 04:32,2027-04-03,2027-W13-6
52,NGC 3344,MCG 4-25-46,LMi,Gal,10.7253,24.9222,10.5,RASC Finest NGC Checklist v2.1a,2027-04-18 02:55,2027-04-18,2027-W15-7
53,NGC 3432,Arp 206,LMi,Gal,10.8753,36.6192,11.6,RASC Finest NGC Checklist v2.1a,2027-04-20 12:54,2027-04-21,2027-W16-3
54,NGC 2903,,Leo,Gal,9.5360,21.5008,10,RASC Finest NGC Checklist v2.1a,2027-03-29 16:20,2027-03-30,2027-W13-2
55,NGC 3384,MCG 2-28-12,Leo,Gal,10.8047,12.6286,10.9,RASC Finest NGC Checklist v2.1a,2027-04-19 09:38,2027-04-19,2027-W16-1
56,NGC 3521,MCG 0-28-30,Leo,Gal,11.0969,-0.0350,9.9,RASC Finest NGC Checklist v2.1a,2027-04-24 02:04,2027-04-24,2027-W16-6
57,NGC 3607,MCG 3-29-20,Leo,Gal,11.2818,18.0531,10.9,RASC Finest NGC Checklist v2.1a,2027-04-27 00:40,2027-04-27,2027-W17-2
58,NGC 3628,Arp 317,Leo,Gal,11.3380,13.5911,10,RASC Finest NGC Checklist v2.1a,2027-04-27 22:02,2027-04-28,2027-W17-3
59,NGC 4111,MCG 7-25-26,CVn,Gal,12.1176,43.0653,11.7,RASC Finest NGC Checklist v2.1a,2027-05-10 01:56,2027-05-10,2027-W19-1
60,NGC 4214,MCG 6-27-42,CVn,Gal,12.2609,36.3281,10.2,RASC Finest NGC Checklist v2.1a,2027-05-12 06:40,2027-05-12,2027-W19-3
63,NGC 4490,Cocoon Galaxy,CVn,Gal,12.5101,41.6436,9.8,RASC Finest NGC Checklist v2.1a,2027-05-16 01:43,2027-05-16,2027-W19-7
65,NGC 4656,Hockey Stick or Crowbar,CVn,Gal,12.7327,32.1703,9.7,RASC Finest NGC Checklist v2.1a,2027-05-19 10:21,2027-05-19,2027-W20-3
67,NGC 5033,MCG 6-29-62,CVn,Gal,13.2243,36.5936,10.7,RASC Finest NGC Checklist v2.1a,2027-05-26 18:20,2027-05-27,2027-W21-4
68,NGC 4274,MCG 5-29-60,Com,Gal,12.3307,29.6142,11.3,RASC Finest NGC Checklist v2.1a,2027-05-13 08:16,2027-05-13,2027-W19-4
69,NGC 4414,MCG 5-29-85,Com,Gal,12.4409,31.2228,11,RASC Finest NGC Checklist v2.1a,2027-05-15 00:31,2027-05-15,2027-W19-6
70,NGC 4494,MCG 4-30-2,Com,Gal,12.5233,25.7750,10.7,RASC Finest NGC Checklist v2.1a,2027-05-16 06:31,2027-05-16,2027-W19-7
73,NGC 4725,MCG 4-30-22,Com,Gal,12.8407,25.5008,9.9,RASC Finest NGC Checklist v2.1a,2027-05-21 01:16,2027-05-21,2027-W20-5
75,NGC 4361,,Crv,PN,12.4086,-18.7850,10.9,RASC Finest NGC Checklist v2.1a,2027-05-14 12:44,2027-05-15,2027-W19-6
76,NGC 4216,MCG 2-31-72,Vir,Gal,12.2651,13.1500,11,RASC Finest NGC Checklist v2.1a,2027-05-12 08:13,2027-05-12,2027-W19-3
77,NGC 4388,MCG 2-32-41,Vir,Gal,12.4297,12.6622,11.9,RASC Finest NGC Checklist v2.1a,2027-05-14 20:26,2027-05-15,2027-W19-6
78,NGC 4438,The Eyes with 4435,Vir,Gal,12.4628,13.0089,10.9,RASC Finest NGC Checklist v2.1a,2027-05-15 08:30,2027-05-15,2027-W19-6
79,NGC 4517,often mislabeled NGC 4437,Vir,Gal,12.5460,0.1150,11.1,RASC Finest NGC Checklist v2.1a,2027-05-16 14:46,2027-05-17,2027-W20-1
80,NGC 4526,MCG 1-32-100,Vir,Gal,12.5675,7.6992,10.6,RASC Finest NGC Checklist v2.1a,2027-05-16 22:34,2027-05-17,2027-W20-1
81,NGC 4535,Lost Galaxy,Vir,Gal,12.5723,8.1978,10.5,RASC Finest NGC Checklist v2.1a,2027-05-17 00:19,2027-05-17,2027-W20-1
82a,NGC 4567,Siamese Twins,Vir,Gal,12.6091,11.2578,12.1,RASC Finest NGC Checklist v2.1a,2027-05-17 13:40,2027-05-18,2027-W20-2
82b,NGC 4568,Siamese Twins,Vir,Gal,12.6095,11.2386,11.7,RASC Finest NGC Checklist v2.1a,2027-05-17 13:48,2027-05-18,2027-W20-2
83,NGC 4699,MCG -1-33-13,Vir,Gal,12.8173,-8.6644,10.4,RASC Finest NGC Checklist v2.1a,2027-05-20 16:51,2027-05-21,2027-W20-5
84,NGC 4762,MCG 2-33-33,Vir,Gal,12.8822,11.2306,11.1,RASC Finest NGC Checklist v2.1a,2027-05-21 16:10,2027-05-22,2027-W20-6
85,NGC 5746,MCG 0-38-5,Vir,Gal,14.7489,1.9547,11.4,RASC Finest NGC Checklist v2.1a,2027-06-17 23:12,2027-06-18,2027-W24-5
86,NGC 5466,,Boo,GC,14.0908,28.5350,9.2,RASC Finest NGC Checklist v2.1a,2027-06-08 10:50,2027-06-08,2027-W23-2
87,NGC 5907,Splinter Galaxy,Dra,Gal,15.2649,56.3289,11.1,RASC Finest NGC Checklist v2.1a,2027-06-25 09:50,2027-06-25,2027-W25-5
88,NGC 6503,MCG 12-17-9,Dra,Gal,17.8240,70.1444,10.8,RASC Finest NGC Checklist v2.1a,2027-08-02 10:01,2027-08-02,2027-W31-1
90,NGC 6210,Turtle Nebula,Her,PN,16.7415,23.8000,9.7,RASC Finest NGC Checklist v2.1a,2027-07-16 23:44,2027-07-17,2027-W28-6
91,NGC 6369,Little Ghost Nebula,Oph,PN,17.4889,-23.7594,11,RASC Finest NGC Checklist v2.1a,2027-07-28 06:13,2027-07-28,2027-W30-3
92,NGC 6572,Blue Racquetball,Oph,PN,18.2018,6.8533,8,RASC Finest NGC Checklist v2.1a,2027-08-08 07:36,2027-08-08,2027-W31-7
93,NGC 6633,Collinder 380,Oph,OC,18.4542,6.5083,5.6,RASC Finest NGC Checklist v2.1a,2027-08-12 07:25,2027-08-12,2027-W32-4
94,NGC 6712,,Sct,GC,18.8844,-8.7050,8.1,RASC Finest NGC Checklist v2.1a,2027-08-19 04:53,2027-08-19,2027-W33-4
95,NGC 6781,PN G041.8-02.9,Aql,PN,19.3078,6.5386,11.8,RASC Finest NGC Checklist v2.1a,2027-08-26 02:14,2027-08-26,2027-W34-4
96,NGC 6819,Collinder 403,Cyg,OC,19.6883,40.1867,9.5,RASC Finest NGC Checklist v2.1a,2027-09-01 08:37,2027-09-01,2027-W35-3
101,NGC 7027,Magic Carpet,Cyg,PN,21.1171,42.2361,9.6,RASC Finest NGC Checklist v2.1a,2027-09-25 04:52,2027-09-25,2027-W38-6
102,NGC 6445,He 2-290,Sgr,PN,17.8209,-20.0094,13,RASC Finest NGC Checklist v2.1a,2027-08-02 08:52,2027-08-02,2027-W31-1
103,NGC 6520,Collinder 361,Sgr,OC,18.0567,-27.8883,7.6,RASC Finest NGC Checklist v2.1a,2027-08-06 00:58,2027-08-06,2027-W31-5
104,NGC 6818,Little Gem,Sgr,PN,19.7327,-14.1533,10,RASC Finest NGC Checklist v2.1a,2027-09-02 02:16,2027-09-02,2027-W35-4
105,NGC 6802,Collinder 400,Vul,OC,19.5097,20.2617,11.7,RASC Finest NGC Checklist v2.1a,2027-08-29 09:51,2027-08-29,2027-W34-7
106,NGC 6940,Collinder 424,Vul,OC,20.5739,28.2833,7.2,RASC Finest NGC Checklist v2.1a,2027-09-16 02:52,2027-09-16,2027-W37-4
107,NGC 6939,Collinder 423,Cep,OC,20.5250,60.6617,10.1,RASC Finest NGC Checklist v2.1a,2027-09-15 07:13,2027-09-15,2027-W37-3
109,NGC 7129,Small Cluster Nebula,Cep,RN,21.7167,66.1167,11.5,RASC Finest NGC Checklist v2.1a,2027-10-05 03:46,2027-10-05,2027-W40-2
