hip,ra_h,dec_deg
677,0.1397688887,29.0908280500
746,0.1528026907,59.1502181400
765,0.1568166327,-45.7469883600
1067,0.2205972187,15.1836159300
1562,0.3238008433,-8.8238294800
1599,0.3338650540,-64.8776232000
2021,0.4275561220,-77.2550351100
2081,0.4380187167,-42.3051219700
2484,0.5257113280,-62.9580854900
2912,0.6146774927,33.7193522700
3031,0.6426386827,29.3123690000
3092,0.6554437113,30.8612257900
3179,0.6751075660,56.5374092800
3419,0.7264523013,-17.9866841000
3693,0.7889972720,24.2673770300
3786,0.8113598240,7.5852018600
3881,0.8302304820,41.0789547400
4427,0.9451392053,60.7167496600
4436,0.9458604660,38.4992551300
4463,0.9534521580,23.4177599700
4577,0.9767627453,-29.3574643600
4906,1.0490710767,7.8900725600
5165,1.1014184753,-46.7184904200
5348,1.1397389133,-55.2458323500
5364,1.1431287980,-10.1819280000
5434,1.1583672720,47.2418241000
5447,1.1621659940,35.6208304800
5586,1.1943296473,30.0897296200
5737,1.2288339907,7.5754889500
5742,1.2291486760,24.5837648200
6193,1.3244383033,27.2640868200
6537,1.4004031140,-8.1827537200
6686,1.4301675113,60.2354034700
6867,1.4727615733,-43.3177290600
7007,1.5030397313,6.1439331400
7083,1.5208282040,-49.0730770100
7097,1.5247205173,15.3458310100
7588,1.6285421360,-57.2366600700
7607,1.6331951007,48.6284864100
7884,1.6905298760,5.4876044500
8068,1.7276709133,50.6887655000
8102,1.7347576273,-15.9395559700
8198,1.7565524193,9.1576410200
8645,1.8576696107,-10.3349452600
8796,1.8846943967,29.5793972700
8832,1.8921570040,19.2940926400
8886,1.9065787380,63.6701468600
8903,1.9106525140,20.8082994900
9007,1.9324534713,-51.6095867300
9236,1.9794088460,-61.5699244400
9487,2.0341112860,2.7637604800
9640,2.0649775220,42.3298483200
9677,2.0748416893,-29.2968396600
9884,2.1195238380,23.4627774300
10064,2.1590335887,34.9873920400
10670,2.2885654773,33.8473209900
10826,2.3224407353,-2.9770605500
11407,2.4497513873,-47.7038269200
11484,2.4693105240,8.4600887000
11767,2.5297431260,89.2641380500
12225,2.6234069080,-52.5430884500
12387,2.6580411927,0.3285168000
12413,2.6633109247,-42.8916332800
12484,2.6776610873,-54.5499242200
12486,2.6777588087,-39.8553090500
12653,2.7092106833,-50.8008266500
12706,2.7217012647,3.2361716200
12770,2.7353762373,-13.8586759400
12777,2.7365799940,49.2286663900
12828,2.7489926007,10.1142197900
12843,2.7516615173,-18.5726507700
13147,2.8181554087,-32.4062840300
13209,2.8330526073,27.2607904400
13268,2.8449424367,55.8955295500
13531,2.9042951333,52.7624899100
13701,2.9404454967,-8.8976097600
13847,2.9710321200,-40.3047349100
13884,2.9799350033,-64.0712971700
13954,2.9952489793,8.9074011100
14135,3.0379941860,4.0899253900
14146,3.0398869787,-23.6243361300
14240,3.0602510347,-59.7376199400
14328,3.0799417320,53.5064503100
14354,3.0862491693,38.8405329800
14576,3.1361471440,40.9556512000
14632,3.1508009087,49.6135000900
14668,3.1582303087,44.8578889600
14879,3.2011888880,-28.9891062300
15474,3.3252693553,-21.7579421000
15510,3.3314513427,-43.0715492900
15863,3.4053745927,49.8612428100
15900,3.4135660073,9.0290650400
16083,3.4528113660,9.7327724000
16228,3.4844817893,59.9403346100
16537,3.5490060060,-9.4583058400
16611,3.5631244253,-21.6328159700
16852,3.6145885973,0.4028331600
16870,3.6182439200,-40.2745107500
17358,3.7154116933,47.7876533000
17378,3.7208211373,-9.7651986800
17440,3.7365430273,-64.8070939800
17448,3.7386462313,32.2882732500
17499,3.7479232073,24.1134484000
17531,3.7534672507,24.4673787900
17573,3.7637758693,24.3678579600
17608,3.7721000900,23.9484620700
17651,3.7808302880,-23.2484380000
17678,3.7872865327,-74.2392425100
17702,3.7914067100,24.1052419300
17847,3.8193697793,24.0535241200
17851,3.8197789120,24.1368256500
17874,3.8242446900,-36.2001125000
17884,3.8253570627,65.5260064500
17959,3.8392988373,71.3323677700
18216,3.8951897160,-24.6122125300
18246,3.9021995753,31.8836577600
18532,3.9642280920,40.0102731500
18543,3.9671472413,-13.5082447100
18597,3.9790937487,-61.4001505900
18614,3.9827499280,35.7910270100
18673,3.9987433633,-24.0162567700
18724,4.0113390607,12.4903757100
18907,4.0526046687,5.9893090900
19167,4.1097375827,50.3513502200
19343,4.1443536847,47.7125935900
19587,4.1977592227,-6.8377787000
19747,4.2333559200,-42.2938729400
19780,4.2403975373,-62.4739788800
19812,4.2482938147,48.4093731200
19893,4.2670809507,-51.4870957800
19921,4.2747454220,-59.3017484100
20042,4.2982273787,-33.7983314500
20070,4.3040487413,50.2956394400
20205,4.3298705287,15.6277003100
20455,4.3822298147,17.5425843000
20535,4.4006014887,-34.0169863200
20889,4.4769259193,19.1805209200
20894,4.4776874793,15.8709468000
21060,4.5139160253,-44.9537435100
21248,4.5585081933,-29.7658318600
21281,4.5665884560,-55.0450055900
21393,4.5925199160,-30.5623104900
21421,4.5986667967,16.5097616400
21444,4.6053168287,-3.3524480000
21770,4.6760619713,-41.8635703400
21861,4.7009573020,-37.1447661600
21881,4.7040843013,22.9569754500
22109,4.7583725093,-3.2546246500
22449,4.8305939567,6.9612474400
22509,4.8435339620,8.9002525800
22549,4.8534350047,5.6051014600
22783,4.9008362833,66.3426602900
22797,4.9041932333,2.4406714900
22845,4.9149178133,10.1511451100
22957,4.9395336327,13.5145775500
23015,4.9498933987,33.1661353700
23040,4.9547834500,53.7520828900
23123,4.9758063500,1.7140350600
23416,5.0328150047,43.8233139700
23453,5.0413000167,41.0758895300
23522,5.0569714667,60.4422814400
23595,5.0734199313,-35.4828705700
23607,5.0761495467,15.4041805900
23685,5.0910144700,-22.3708567300
23693,5.0918584347,-57.4729892800
23767,5.1085747347,41.2346407400
23875,5.1308427640,-5.0862628200
24305,5.2155203067,-16.2054290100
24327,5.2205236147,-12.9412883300
24436,5.2422975687,-8.2016391900
24608,5.2781376780,45.9990292700
24845,5.3262572113,-13.1767769800
25281,5.4079491827,-2.3971384400
25336,5.4188522773,6.3497345100
25428,5.4381938693,28.6078734600
25606,5.4707573140,-20.7592321400
25859,5.5202043000,-35.4704359200
25930,5.5334443747,-0.2990934000
25985,5.5455038653,-17.8222922700
26069,5.5604212087,-62.4898558500
26207,5.5856326953,9.9341629400
26221,5.5879072420,-5.3896962400
26237,5.5897671293,-4.8383404500
26241,5.5905503167,-5.9098998400
26311,5.6035590480,-1.2019172500
26451,5.6274122980,21.1425929900
26634,5.6608166500,-34.0740494100
26727,5.6793124480,-1.9425784100
27072,5.7411041607,-22.4474866300
27100,5.7462275193,-65.7355408000
27288,5.7825971520,-14.8219471700
27321,5.7880787027,-51.0667132900
27366,5.7959410940,-9.6696018600
27530,5.8304379993,-56.1664886000
27628,5.8493202267,-35.7692922500
27654,5.8553202287,-20.8775137600
27890,5.9016389173,-63.0910209600
27913,5.9064122033,20.2764149800
27989,5.9195247740,7.4070363400
28103,5.9400884180,-14.1680380500
28328,5.9857751460,-42.8151076100
28358,5.9920973147,54.2849819700
28360,5.9921581740,44.9474349200
28380,5.9953439313,37.2127640900
28614,6.0397195487,9.6473675600
28716,6.0653287667,20.1384586500
28734,6.0686712600,23.2636320700
28910,6.1025927813,-14.9352862900
29038,6.1262005160,14.7685231800
29426,6.1989991040,14.2088142500
29651,6.2475934627,-6.2747273700
29655,6.2479713013,22.5068237600
29997,6.3141055053,69.3200343000
30060,6.3270529987,59.0109051800
30277,6.3685680980,-33.4362725100
30324,6.3783298333,-17.9559165800
30343,6.3826642013,22.5138502700
30419,6.3961382453,4.5928388100
30438,6.3991918420,-52.6957179900
30867,6.4802983653,-7.0330504200
30883,6.4827195740,20.2121672000
31216,6.5483971053,7.3329792100
31592,6.6113885887,-19.2557092800
31681,6.6285284273,16.3994148200
31685,6.6293532460,-43.1959239400
31978,6.6829614007,9.8957602100
32246,6.7322027253,25.1311553100
32349,6.7525694033,-16.7131430600
32362,6.7548426533,12.8960551300
32578,6.7976824527,2.4121891400
32607,6.8032047560,-61.9419798800
33018,6.8798166867,33.9613698500
33152,6.9022096787,-24.1842229600
33160,6.9031890887,-12.0385927300
33347,6.9356184240,-17.0542467500
33449,6.9546107013,58.4230597300
33579,6.9770963007,-28.9720893100
33694,7.0010688800,76.9774415200
34045,7.0626369953,-15.6332587600
34088,7.0684820527,20.5702993900
34444,7.1398572353,-26.3932077600
34481,7.1457845887,-70.4991943500
34693,7.1856643367,30.2452806500
34769,7.1977389907,-0.4927805600
35228,7.2805085627,-67.9571724800
35264,7.2857122660,-37.0974868900
35350,7.3015574413,16.5404752600
35550,7.3353859267,21.9823394100
35904,7.4015847360,-29.3031197900
36046,7.4287989140,27.7982856100
36145,7.4452391507,49.2116448900
36188,7.4525200807,8.2894089300
36850,7.5766679320,31.8886364500
36917,7.5897047867,-28.3692779800
36962,7.5987145220,26.8960034300
37229,7.6471892480,-26.8038924000
37279,7.6551494627,5.2275076700
37447,7.6874657413,-9.5510831500
37677,7.7301311440,-28.9548352000
37740,7.7407968247,24.3981292900
37826,7.7553788420,28.0263103100
38070,7.8014374707,-25.9371805400
38089,7.8056243513,-47.0775319900
38170,7.8215718727,-24.8597840100
38827,7.9463171527,-52.9824006200
39429,8.0597417073,-40.0031884600
39757,8.1257505993,-24.3044367700
39794,8.1321779980,-68.6171364700
39863,8.1432382413,-2.9837764900
39953,8.1588764847,-47.3366117700
40526,8.2752634007,9.1856629500
40702,8.3086852333,-76.9199825100
41037,8.3752401993,-59.5095382900
41075,8.3805916960,43.1883723300
41312,8.4289572907,-66.1365204200
41704,8.5044528213,60.7184311000
42313,8.6276131593,5.7037986800
42402,8.6459579953,3.3414747700
42515,8.6683712627,-35.3083009100
42799,8.7204128767,3.3986653900
42806,8.7214480847,21.4685960900
42828,8.7265409673,-33.1864113300
42911,8.7447528060,18.1548639900
42913,8.7450548093,-54.7085679700
43103,8.7782873033,28.7600050900
43109,8.7796239533,6.4189069100
43234,8.8072169007,5.8378848600
43409,8.8422253673,-27.7100586900
43813,8.9232457913,5.9455277000
44066,8.9747769387,11.8577719800
44127,8.9868996527,48.0423495600
44248,9.0107645100,41.7834440100
44382,9.0407774540,-66.3958436900
44471,9.0604329960,47.1566593400
44700,9.1088300147,38.4522502400
44816,9.1332714173,-43.4326240600
45238,9.2200668860,-69.7174724500
45336,9.2393870193,2.3150242200
45556,9.2848412227,-59.2752611500
45688,9.3140742627,36.8028976300
45860,9.3509607793,34.3925259200
45941,9.3685636740,-55.0106953100
46146,9.4109109300,26.1824409100
46390,9.4597921733,-8.6586833500
46515,9.4874270767,-35.9513478000
46651,9.5116980420,-40.4668876300
46733,9.5254360167,63.0617954500
46750,9.5286778773,22.9680654500
46853,9.5478681273,51.6786020800
46952,9.5703824933,36.3976133800
47431,9.6642594373,-1.1426572200
47908,9.7641951133,23.7742779200
48319,9.8499143613,59.0391043700
48356,9.8579673553,-14.8465499700
48437,9.8751308073,-8.1049155900
48455,9.8794326853,26.0070849800
48774,9.9477096800,-54.5677973000
49402,10.0854145707,-13.0646743500
49583,10.1222092987,16.7626657200
49593,10.1238125413,35.2446917600
49641,10.1323043260,-0.3716278600
49669,10.1395720500,11.9671951300
49841,10.1764991900,-12.3538392100
50099,10.2289663673,-70.0379216900
50191,10.2456315993,-42.1220628100
50335,10.2781678700,23.4173284000
50372,10.2849797093,42.9144685500
50583,10.3328227027,19.8418603200
50801,10.3721675700,41.4994335000
51056,10.4319075340,33.7962636400
51069,10.4348625120,-16.8360958400
51172,10.4525433020,-31.0678022800
51233,10.4647479100,36.7074781800
51362,10.4913140860,-2.7390470100
51437,10.5048619567,-0.6369720800
51576,10.5337455000,-61.6853603100
51839,10.5911717787,-78.6078137900
52419,10.7159518680,-64.3944793700
52468,10.7256410287,-60.5666270500
52633,10.7630932660,-80.5402028300
52727,10.7794783613,-49.4201251700
52943,10.8270644660,-16.1941320800
53229,10.8885110747,34.2155664100
53253,10.8915461733,-58.8532647400
53502,10.9452767520,-37.1374629000
53740,10.9963191093,-18.2990972300
53910,11.0306641000,56.3823447800
53954,11.0388281033,20.1797457500
54061,11.0621769100,61.7511188800
54301,11.1090206400,-62.4241365400
54463,11.1431654540,-58.9750419800
54539,11.1610720613,44.4985533700
54682,11.1943017447,-22.8256064200
54751,11.2100056353,-60.3176307000
54872,11.2351144700,20.5240338400
54879,11.2373446907,15.4297631000
55203,11.3031000000,31.5308000000
55219,11.3079875900,33.0942388100
55282,11.3223674020,-14.7790435800
55434,11.3522911553,6.0293528900
55642,11.3987135560,10.5296977200
55687,11.4101681633,-10.8593827600
55705,11.4147175567,-17.6840174800
56211,11.5234134660,69.3311216100
56250,11.5302242767,-59.5156493200
56343,11.5500719573,-31.8575240500
56480,11.5793644280,-54.2641316700
56633,11.6113745833,-9.8022536800
57283,11.7460441507,-18.3506146700
57363,11.7601575907,-66.7288434400
57380,11.7643251560,6.5298139400
57399,11.7675372580,47.7793370100
57632,11.8177439847,14.5723368700
57757,11.8448017020,1.7653770500
57936,11.8818225780,-33.9081301400
58001,11.8971503573,53.6947329600
58188,11.9336065347,-17.1508086300
58484,11.9938031387,-78.2218183300
58948,12.0868526667,8.7328456300
59196,12.1393176700,-50.7224099900
59199,12.1402090713,-24.7287799300
59316,12.1687571820,-22.6197921100
59449,12.1942087267,-52.3684155900
59747,12.2524324887,-58.7489017900
59774,12.2570691967,57.0325979200
59803,12.2634632913,-17.5419837000
59929,12.2929545347,-67.9606716100
60000,12.3058177553,-79.3122689900
60129,12.3317753973,-0.6667470900
60718,12.4433170567,-63.0990558600
60742,12.4489798873,28.2686197500
60823,12.4673365520,-50.2306048000
60965,12.4977731000,-16.5150939700
61084,12.5194248013,-57.1125692200
61199,12.5411419307,-72.1329759000
61281,12.5580673607,69.7882099200
61317,12.5625257073,41.3567677900
61359,12.5731205760,-23.3966230600
61585,12.6197454720,-69.1355335800
61789,12.6646004013,-39.9872418800
61932,12.6920013860,-48.9598855300
61941,12.6944450380,-1.4495223100
62322,12.7713526753,-68.1080940500
62434,12.7953663580,-59.6887324600
62956,12.9004536067,55.9598430100
63090,12.9268009107,3.3975986200
63125,12.9338447007,38.3182461700
63608,13.0363223713,10.9591018600
63613,13.0377159787,-71.5487986500
64238,13.1658366767,-5.5389298700
64241,13.1665415087,17.5291162100
64394,13.1980340780,27.8760376900
64962,13.3153481600,-23.1714124600
65109,13.3433515473,-36.7120810900
65378,13.3987277360,54.9254152500
65474,13.4198901533,-11.1612449100
65936,13.5174079073,-39.4072798300
66249,13.5782652000,-0.5959382100
66657,13.6647979747,-53.4663626900
67275,13.7877879580,17.4567743600
67301,13.7923739200,49.3133028800
67464,13.8250826133,-41.6876597100
67472,13.8269466227,-42.4736850600
67927,13.9114211667,18.3985874200
68002,13.9256763593,-47.2882663400
68245,13.9711901853,-42.1007052600
68282,13.9779920467,-44.8035314000
68520,14.0274397653,1.5445833800
68702,14.0637345987,-60.3729784000
68756,14.0731738913,64.3758087300
68862,14.1007738933,-41.1795803500
68895,14.1061858220,-26.6820188300
68933,14.1114790720,-36.3686957500
69483,14.2247083053,51.7899906600
69673,14.2612076020,19.1872699700
69701,14.2669124780,-5.9995262200
69732,14.2731045473,46.0879189400
70090,14.3426331393,-37.8852671100
70497,14.4200053760,51.8517135400
70638,14.4488168753,-83.6678530800
71053,14.5305160653,30.3711449700
71075,14.5346549473,38.3078834800
71352,14.5917921087,-42.1577456200
71683,14.6613606893,-60.8351470700
71795,14.6858112127,13.7283311300
71860,14.6988260673,-47.3881412700
71908,14.7085236220,-64.9745695700
71957,14.7176561893,-5.6574291000
72105,14.7497919127,27.0741738300
72220,14.7708310627,1.8929383000
72370,14.7977017113,-79.0447124200
72571,14.8381851933,-27.9602192500
72607,14.8451098340,74.1554759600
72622,14.8479936907,-16.0416104700
73273,14.9755427953,-43.1338669900
73334,14.9860275027,-42.1041419900
73555,15.0324425360,40.3906367100
73714,15.0678505287,-25.2818560200
74395,15.2047786547,-52.0990746500
74666,15.2583621607,33.3151022200
74785,15.2834643940,-9.3828669400
74824,15.2919333933,-58.8008788200
74946,15.3151913380,-68.6794672300
75097,15.3454858933,71.8339730800
75141,15.3562045553,-40.6474594600
75177,15.3634545707,-36.2611672900
75264,15.3780243100,-44.6895731400
75323,15.3896271553,-59.3206983900
75458,15.4154955800,58.9660235400
75695,15.4638477540,29.1054916400
76127,15.5488322060,31.3591551700
76267,15.5781081953,26.7149104100
76276,15.5800528400,10.5388591600
76297,15.5856834373,-41.1666949700
76333,15.5920942653,-14.7895536500
76440,15.6119963620,-66.3169046900
76470,15.6170718320,-28.1350709900
76600,15.6442734353,-29.7776893500
76829,15.6865321507,-44.6605592600
76852,15.6925256420,19.6705056600
76952,15.7123995127,26.2955141900
77055,15.7342955413,77.7944990100
77070,15.7377766093,6.4255197100
77233,15.7697819180,15.4219260200
77450,15.8123357240,18.1417793000
77512,15.8265827880,26.0685493600
77516,15.8270182500,-3.4301411200
77622,15.8469142293,4.4775798000
77634,15.8493171533,-33.6271048800
77760,15.8778317893,42.4499879600
77952,15.9191133420,-63.4297497300
78072,15.9408317320,15.6647332700
78104,15.9480796253,-29.2140122100
78159,15.9598060807,26.8780263200
78265,15.9808668553,-26.1140428000
78384,16.0020390287,-38.3966407900
78401,16.0055588167,-22.6216202400
78493,16.0240529540,29.8510782100
78527,16.0315843733,58.5644373900
78639,16.0535722793,-49.2297207400
78820,16.0906208040,-19.8053928600
78914,16.1081732267,-45.1732751700
79101,16.1461664767,44.9348188300
79195,16.1640367627,-3.4667307600
79374,16.1999279193,-19.4606468400
79593,16.2391017340,-3.6939756200
79822,16.2918058453,75.7547038500
79882,16.3053446627,-4.6926080900
79992,16.3290133053,46.3132708400
80000,16.3307132213,-50.1553792300
80047,16.3391208553,-78.6956560900
80112,16.3531451453,-25.5927525900
80170,16.3653454687,19.1530218500
80331,16.3998630153,61.5140753600
80343,16.4017214693,-20.0372113700
80463,16.4235915493,14.0334151400
80473,16.4264225407,-23.4471176400
80569,16.4503995293,-18.4561969800
80582,16.4530688373,-47.5547359000
80628,16.4633963753,-8.3717005500
80763,16.4901298693,-26.4319460800
80816,16.5036837980,21.4896485000
80883,16.5152336727,1.9841005600
80894,16.5189985907,-16.6126401500
81008,16.5434439613,11.4882339100
81065,16.5576289393,-78.8969591700
81126,16.5683859087,42.4368956500
81266,16.5980442820,-28.2159615600
81377,16.6193138980,-10.5671518000
81693,16.6881880880,31.6018869500
81833,16.7149273787,38.9224610300
81852,16.7181721200,-77.5165718200
82080,16.7661559740,82.0372507100
82273,16.8110738280,-69.0276350300
82363,16.8297531760,-59.0413164800
82396,16.8361791587,-34.2926098200
82514,16.8645107967,-38.0473271700
82729,16.9097514373,-42.3607591600
83000,16.9611862787,9.3750562600
83081,16.9770085447,-55.9900550800
83153,16.9930685153,-53.1604900500
83207,17.0048350547,30.9263392600
83895,17.1464514073,65.7146367600
84012,17.1729617727,-15.7251475700
84143,17.2025488667,-43.2384903900
84345,17.2441284580,14.3902531400
84379,17.2505344900,24.8395873900
84380,17.2507928547,36.8091552700
84970,17.3668289140,-24.9994879700
85112,17.3947146887,37.1459239600
85258,17.4216658853,-55.5298239700
85267,17.4232388493,-56.3776882400
85423,17.4559066733,-29.8666994200
85670,17.5072158053,52.3013590100
85693,17.5123050033,26.1106045000
85696,17.5127330007,-37.2957401600
85727,17.5183269300,-60.6836066700
85792,17.5307004407,-49.8759815900
85822,17.5369158840,86.5863292400
85829,17.5377441660,55.1728067400
85927,17.5601462487,-37.1037483500
86032,17.5822235473,12.5605758400
86228,17.6219793813,-42.9978215500
86263,17.6264514540,-15.3984083500
86414,17.6577478980,46.0063221600
86670,17.7081332720,-39.0299209200
86742,17.7245491427,4.5669168400
86929,17.7622228980,-64.7237345000
86974,17.7743663687,27.7224991700
87073,17.7930780913,-40.1269819700
87108,17.7982150100,2.7074587500
87261,17.8309586800,-37.0433710500
87585,17.8921193073,56.8724521600
87808,17.9375495927,37.2505215800
87833,17.9434382927,51.4889510100
87933,17.9627307373,29.2479252700
88048,17.9837771080,-9.7733497300
88635,18.0968123907,-30.4236500700
88714,18.1105218880,-50.0914546200
88794,18.1257085493,28.7624702500
88866,18.1429974573,-63.6680484400
89112,18.1871600620,-45.9543270400
89341,18.2293913087,-21.0588303100
89642,18.2938136600,-36.7612810300
89908,18.3459558873,71.3377273400
89931,18.3498948913,-29.8280391400
89962,18.3552557187,-2.8971220000
90098,18.3871168260,-61.4939050600
90185,18.4028739780,-34.3843146000
90422,18.4495639647,-45.9683291900
90496,18.4661859700,-25.4212473200
90568,18.4804822127,-49.0700309700
90595,18.4866255340,-14.5658049900
90982,18.5583778093,-42.3124587100
91117,18.5867882947,-8.2433081900
91262,18.6156072213,38.7829931100
91726,18.7045617020,-9.0525535700
91792,18.7172593967,-71.4277286700
91926,18.7396599573,39.6125955700
91971,18.7462044087,37.6050502500
92041,18.7609313887,-26.9907794000
92175,18.7862437053,-4.7478287100
92420,18.8346649747,33.3626778800
92609,18.8702879280,-62.1875606200
92791,18.9084135293,36.8986051800
92855,18.9210879707,-26.2965942800
92946,18.9369889833,4.2035295600
93015,18.9491779613,-67.2335351100
93194,18.9823957120,32.6895531200
93244,18.9937192293,15.0684775700
93429,19.0280114907,-5.7390183200
93506,19.0435342853,-29.8801142900
93747,19.0901701200,13.8637098300
93805,19.1041527593,-4.8823345600
93825,19.1069554387,-37.0627571400
93864,19.1156784193,-27.6698141600
94005,19.1391480513,-40.4966376000
94114,19.1578550900,-37.9042395300
94160,19.1671534567,-39.3407067700
94376,19.2092097207,67.6613169500
94779,19.2850305293,53.3681606400
95291,19.3867278620,20.2777033000
95340,19.3963688213,20.2643548700
95432,19.4123151107,19.9394018600
95487,19.4228876573,20.2717683100
95498,19.4245954267,19.7985391200
95501,19.4249312940,3.1145792300
95560,19.4370122373,20.0978203600
95582,19.4413018547,19.8916100300
95584,19.4418330260,20.2590101700
95700,19.4650173693,20.2474033300
95771,19.4784475073,24.6651648200
95818,19.4891378507,20.2797776200
95853,19.4950942593,51.7294674700
95947,19.5120236860,27.9596948000
96468,19.6120212613,-1.2865504700
96683,19.6562789707,30.1532335000
96757,19.6682729293,18.0139383900
96837,19.6841482520,17.4761235600
97165,19.7495672520,45.1306919500
97278,19.7709917113,10.6132686900
97365,19.7897958947,18.5342591200
97433,19.8028371053,70.2678353300
97649,19.8463005733,8.8673849100
97804,19.8745455047,1.0056782700
97886,19.8910224513,24.0795256800
98036,19.9218794887,6.4079333400
98110,19.9384433793,35.0834907900
98337,19.9792743440,19.4920928700
98495,20.0098314840,-72.9101844300
99240,20.1449611420,-66.1793210100
99473,20.1884068847,-0.8214756900
99848,20.2578661800,47.7142053000
100064,20.3008940200,-12.5448587700
100345,20.3501795647,-14.7814011900
100453,20.3704722307,40.2566815000
100751,20.4274582313,-56.7348807100
101093,20.4930075887,62.9941372200
101421,20.5535457713,11.3033321700
101483,20.5658324620,13.0272014600
101769,20.6257971560,14.5952028900
101772,20.6261082433,-47.2916623900
101958,20.6606262633,15.9120527000
102098,20.6905315133,45.2803342300
102281,20.7243182540,15.0746822400
102395,20.7493210200,-66.2032382600
102422,20.7547968420,61.8367940400
102485,20.7682683647,-25.2705168200
102488,20.7701200607,33.9694533400
102532,20.7776438887,16.1247732600
102618,20.7945923827,-9.4956898800
102978,20.8636933893,-26.9191264200
103227,20.9134943393,-58.4540947000
103413,20.9528921227,41.1671938400
104139,21.0991053880,-17.2327109500
104732,21.2156059847,30.2270812800
104858,21.2413305887,10.0077185500
104987,21.2637213173,5.2480739000
105199,21.3096059880,62.5854552900
105319,21.3310788353,-53.4492643400
105858,21.4406922567,-65.3681443800
105881,21.4444521413,-22.4113783800
106032,21.4776597300,70.5606948100
106278,21.5259779673,-5.5711559300
106985,21.6681506233,-16.6622534300
107089,21.6912425340,-77.3894621500
107259,21.7251263740,58.7800530800
107315,21.7364278720,9.8750079100
107354,21.7440845033,25.6450028400
107380,21.7491077267,-33.0255530600
107556,21.7839681327,-16.1265659500
107608,21.7956036973,-30.8983058200
108085,21.8987928013,-37.3648229000
108431,21.9652863847,-54.9925666000
109074,22.0963959127,-0.3198265600
109111,22.1019176787,-39.5430490300
109139,22.1072792627,-13.8695401300
109176,22.1167984860,25.3450461000
109268,22.1371878920,-46.9606159300
109410,22.1664590687,33.1782674700
109422,22.1690232020,-32.5484404200
109427,22.1699499347,6.1977890000
109492,22.1809060873,58.2012499200
109754,22.2313059627,39.7148892800
109857,22.2504663880,57.0434652200
109908,22.2602457793,-41.3467502900
109937,22.2661583800,37.7487348300
110003,22.2805462193,-7.7832370600
110130,22.3083828380,-60.2594948600
110351,22.3504245280,46.5365648400
110395,22.3609166553,-1.3873531500
110538,22.3926767813,52.2294995100
110609,22.4086099200,49.4764007400
110672,22.4212812380,1.3773924500
110838,22.4555203020,-64.9663792700
110960,22.4805001540,-0.0200630400
110991,22.4861799833,58.4151899000
110997,22.4878205773,-43.4955543300
111022,22.4921729820,47.7068948800
111104,22.5081282220,43.1233898500
111169,22.5214932653,50.2824497600
111188,22.5250804340,-32.3460279800
111497,22.5892580360,-0.1173612300
111944,22.6752173207,44.2762806800
111954,22.6775904353,-27.0436148000
112029,22.6910207873,10.8313911100
112122,22.7110930207,-46.8845659400
112158,22.7167023820,30.2213086600
112405,22.7677009287,-81.3816173100
112440,22.7755117753,23.5656793900
112623,22.8092214240,-51.3167035400
112716,22.8265305073,-13.5925375600
112724,22.8280311567,66.2007108900
112748,22.8333612067,24.6016848600
112948,22.8754327520,-32.8754501900
112961,22.8769067947,-7.5796787800
113136,22.9108442333,-15.8207599400
113246,22.9324700033,-32.5397019600
113368,22.9607848820,-29.6218370100
113638,23.0146873193,-52.7541056200
113726,23.0320129180,42.3259786600
113881,23.0628703833,28.0824546200
113963,23.0793380133,15.2053678600
114341,23.1574339193,-21.1724855500
114724,23.2387034793,-6.0485268000
114855,23.2647991520,-9.0876955400
114971,23.2859704513,3.2822452400
114996,23.2905033453,-58.2359276200
115102,23.3137296673,-32.5318357400
115227,23.3390380780,5.3814515600
115438,23.3828615200,-20.1003450500
115738,23.4488625873,1.2558375800
115830,23.4661577260,6.3790972700
116231,23.5494967067,-37.8183589500
116584,23.6260299133,46.4591762100
116631,23.6356053127,43.2680761000
116727,23.6558283440,77.6319668100
116771,23.6657834220,5.6273537400
116805,23.6734560593,44.3339777600
116928,23.7008004940,1.7804172000
117245,23.7732046987,3.4868716400
117452,23.8154110873,-28.1300148000
118268,23.9885006627,6.8635937300
118322,23.9985861300,-65.5770777400
